"Id","Path","Slice Name","Alias(s)","Label","Min","Max","Must Support?","Is Modifier?","Is Summary?","Type(s)","Short","Definition","Comments","Requirements","Default Value","Meaning When Missing","Fixed Value","Pattern","Example","Minimum Value","Maximum Value","Maximum Length","Binding Strength","Binding Description","Binding Value Set","Code","Slicing Discriminator","Slicing Description","Slicing Ordered","Slicing Rules","Base Path","Base Min","Base Max","Condition(s)","Constraint(s)","Mapping: Workflow Pattern","Mapping: FiveWs Pattern Mapping","Mapping: RIM Mapping","Mapping: HL7 V2 Mapping"
"Procedure","Procedure","","","",0,*,"","","","null {[]} {[]}
","An action that is being or was performed on an individual or entity","An action that is or was performed on or for a patient, practitioner, device, organization, or location. For example, this can be a physical intervention on a patient like an operation, or less invasive like long term services, counseling, or hypnotherapy.  This can be a quality or safety inspection for a location, organization, or device.  This can be an accreditation procedure on a practitioner for licensing.","","","","","","","","","",,,,,"",,,,"Procedure",0,*,"","dom-2:If the resource is contained in another resource, it SHALL NOT contain nested Resources {contained.contained.empty()}
dom-3:If the resource is contained in another resource, it SHALL be referred to from elsewhere in the resource or SHALL refer to the containing resource {contained.where((('#'+id in (%resource.descendants().reference | %resource.descendants().ofType(canonical) | %resource.descendants().ofType(uri) | %resource.descendants().ofType(url))) or descendants().where(reference = '#').exists() or descendants().where(ofType(canonical) = '#').exists() or descendants().where(ofType(canonical) = '#').exists()).not()).trace('unmatched', id).empty()}dom-4:If a resource is contained in another resource, it SHALL NOT have a meta.versionId or a meta.lastUpdated {contained.meta.versionId.empty() and contained.meta.lastUpdated.empty()}dom-5:If a resource is contained in another resource, it SHALL NOT have a security label {contained.meta.security.empty()}dom-6:A resource should have narrative for robust management {text.`div`.exists()}","Event","clinical.general","Entity, Role, or Act,Procedure[moodCode=EVN]"
"Procedure.id","Procedure.id","","","",0,1,"","","Y","id {[]} {[]}
","Logical id of this artifact","The logical id of the resource, as used in the URL for the resource. Once assigned, this value never changes.","Within the context of the FHIR RESTful interactions, the resource has an id except for cases like the create and conditional update. Otherwise, the use of the resouce id depends on the given use case.","","","","","","","","",,,,,"",,,,"Resource.id",0,1,"",""
"Procedure.meta","Procedure.meta","","","",0,1,"","","Y","Meta {[]} {[]}
","Metadata about the resource","The metadata about the resource. This is content that is maintained by the infrastructure. Changes to the content might not always be associated with version changes to the resource.","","","","","","","","","",,,,,"",,,,"Resource.meta",0,1,"","ele-1:All FHIR elements must have a @value or children {hasValue() or (children().count() > id.count())}
"
"Procedure.implicitRules","Procedure.implicitRules","","","",0,1,"","Y","Y","uri {[]} {[]}
","A set of rules under which this content was created","A reference to a set of rules that were followed when the resource was constructed, and which must be understood when processing the content. Often, this is a reference to an implementation guide that defines the special rules along with other profiles etc.","Asserting this rule set restricts the content to be only understood by a limited set of trading partners. This inherently limits the usefulness of the data in the long term. However, the existing health eco-system is highly fractured, and not yet ready to define, collect, and exchange data in a generally computable sense. Wherever possible, implementers and/or specification writers should avoid using this element. Often, when used, the URL is a reference to an implementation guide that defines these special rules as part of its narrative along with other profiles, value sets, etc.","","","","","","","","",,,,,"",,,,"Resource.implicitRules",0,1,"","ele-1:All FHIR elements must have a @value or children {hasValue() or (children().count() > id.count())}
"
"Procedure.language","Procedure.language","","","",0,1,"","","","code {[]} {[]}
","Language of the resource content","The base language in which the resource is written.","Language is provided to support indexing and accessibility (typically, services such as text to speech use the language tag). The html language tag in the narrative applies  to the narrative. The language tag on the resource may be used to specify the language of other presentations generated from the data in the resource. Not all the content has to be in the base language. The Resource.language should not be assumed to apply to the narrative automatically. If a language is specified, it should it also be specified on the div element in the html (see rules in HTML5 for information about the relationship between xml:lang and the html lang attribute).","","","","","","","","",,"required","IETF language tag for a human language","http://hl7.org/fhir/ValueSet/all-languages|5.0.0","",,,,"Resource.language",0,1,"","ele-1:All FHIR elements must have a @value or children {hasValue() or (children().count() > id.count())}
"
"Procedure.text","Procedure.text","","narrative
htmlxhtmldisplay","",0,1,"","","","Narrative {[]} {[]}
","Text summary of the resource, for human interpretation","A human-readable narrative that contains a summary of the resource and can be used to represent the content of the resource to a human. The narrative need not encode all the structured data, but is required to contain sufficient detail to make it ""clinically safe"" for a human to just read the narrative. Resource definitions may define what content should be represented in the narrative to ensure clinical safety.","Contained resources do not have a narrative. Resources that are not contained SHOULD have a narrative. In some cases, a resource may only have text with little or no additional discrete data (as long as all minOccurs=1 elements are satisfied).  This may be necessary for data from legacy systems where information is captured as a ""text blob"" or where text is additionally entered raw or narrated and encoded information is added later.","","","","","","","","",,,,,"",,,,"DomainResource.text",0,1,"dom-6
","ele-1:All FHIR elements must have a @value or children {hasValue() or (children().count() > id.count())}
","Act.text?"
"Procedure.contained","Procedure.contained","","inline resources
anonymous resourcescontained resources","",0,*,"","","","Resource {[]} {[]}
","Contained, inline Resources","These resources do not have an independent existence apart from the resource that contains them - they cannot be identified independently, nor can they have their own independent transaction scope. This is allowed to be a Parameters resource if and only if it is referenced by a resource that provides context/meaning.","This should never be done when the content can be identified properly, as once identification is lost, it is extremely difficult (and context dependent) to restore it again. Contained resources may have profiles and tags in their meta elements, but SHALL NOT have security labels.","","","","","","","","",,,,,"",,,,"DomainResource.contained",0,*,"dom-2
dom-4dom-3dom-5","","N/A"
"Procedure.extension","Procedure.extension","","","",0,*,"","","","Extension {[]} {[]}
","Extension","An Extension","","","","","","","","","",,,,,"","value:url}
","",,"open","DomainResource.extension",0,*,"","ele-1:All FHIR elements must have a @value or children {hasValue() or (children().count() > id.count())}
ext-1:Must have either extensions or value[x], not both {extension.exists() != value.exists()}"
"Procedure.extension:timingContext","Procedure.extension","timingContext","","",0,1,"Y","","","Extension {[CanonicalType[http://testSK.org/StructureDefinition/procedure-timing-context-ext]]} {[]}
","Extension","An Extension","","","","","","","","","",,,,,"",,,,"DomainResource.extension",0,*,"","ele-1:All FHIR elements must have a @value or children {hasValue() or (children().count() > id.count())}
ext-1:Must have either extensions or value[x], not both {extension.exists() != value.exists()}"
"Procedure.modifierExtension","Procedure.modifierExtension","","extensions
user content","",0,*,"","Y","Y","Extension {[]} {[]}
","Extensions that cannot be ignored","May be used to represent additional information that is not part of the basic definition of the resource and that modifies the understanding of the element that contains it and/or the understanding of the containing element's descendants. Usually modifier elements provide negation or qualification. To make the use of extensions safe and managable, there is a strict set of governance applied to the definition and use of extensions. Though any implementer is allowed to define an extension, there is a set of requirements that SHALL be met as part of the definition of the extension. Applications processing a resource are required to check for modifier extensions.

Modifier extensions SHALL NOT change the meaning of any elements on Resource or DomainResource (including cannot change the meaning of modifierExtension itself).","There can be no stigma associated with the use of extensions by any application, project, or standard - regardless of the institution or jurisdiction that uses or defines the extensions.  The use of extensions is what allows the FHIR specification to retain a core level of simplicity for everyone.","Modifier extensions allow for extensions that *cannot* be safely ignored to be clearly distinguished from the vast majority of extensions which can be safely ignored.  This promotes interoperability by eliminating the need for implementers to prohibit the presence of extensions. For further information, see the [definition of modifier extensions](http://hl7.org/fhir/R5/extensibility.html#modifierExtension).","","","","","","","",,,,,"",,,,"DomainResource.modifierExtension",0,*,"","ele-1:All FHIR elements must have a @value or children {hasValue() or (children().count() > id.count())}
ext-1:Must have either extensions or value[x], not both {extension.exists() != value.exists()}","N/A"
"Procedure.identifier","Procedure.identifier","","","",0,*,"","","Y","Identifier {[]} {[]}
","External Identifiers for this procedure","Business identifiers assigned to this procedure by the performer or other systems which remain constant as the resource is updated and is propagated from server to server.","This is a business identifier, not a resource identifier (see [discussion](http://hl7.org/fhir/R5/resource.html#identifiers)).  It is best practice for the identifier to only appear on a single resource instance, however business practices may occasionally dictate that multiple resource instances with the same identifier can exist - possibly even with different resource types.  For example, multiple Patient and Person resource instances might share the same social insurance number.","Allows identification of the procedure as it is known by various participating systems and in a way that remains consistent across servers.","","","","","","","",,,,,"",,,,"Procedure.identifier",0,*,"","ele-1:All FHIR elements must have a @value or children {hasValue() or (children().count() > id.count())}
","Event.identifier","FiveWs.identifier",".id","PR1-19"
"Procedure.instantiatesCanonical","Procedure.instantiatesCanonical","","","",0,*,"","","Y","canonical {[]} {[CanonicalType[http://hl7.org/fhir/StructureDefinition/PlanDefinition], CanonicalType[http://hl7.org/fhir/StructureDefinition/ActivityDefinition], CanonicalType[http://hl7.org/fhir/StructureDefinition/Measure], CanonicalType[http://hl7.org/fhir/StructureDefinition/OperationDefinition], CanonicalType[http://hl7.org/fhir/StructureDefinition/Questionnaire]]}
","Instantiates FHIR protocol or definition","The URL pointing to a FHIR-defined protocol, guideline, order set or other definition that is adhered to in whole or in part by this Procedure.","","","","","","","","","",,,,,"",,,,"Procedure.instantiatesCanonical",0,*,"","ele-1:All FHIR elements must have a @value or children {hasValue() or (children().count() > id.count())}
","Event.instantiatesCanonical",".outboundRelationship[typeCode=DEFN].target"
"Procedure.instantiatesUri","Procedure.instantiatesUri","","","",0,*,"","","Y","uri {[]} {[]}
","Instantiates external protocol or definition","The URL pointing to an externally maintained protocol, guideline, order set or other definition that is adhered to in whole or in part by this Procedure.","This might be an HTML page, PDF, etc. or could just be a non-resolvable URI identifier.","","","","","","","","",,,,,"",,,,"Procedure.instantiatesUri",0,*,"","ele-1:All FHIR elements must have a @value or children {hasValue() or (children().count() > id.count())}
","Event.instantiatesUri",".outboundRelationship[typeCode=DEFN].target"
"Procedure.basedOn","Procedure.basedOn","","fulfills
","",0,*,"","","Y","Reference {[]} {[CanonicalType[http://hl7.org/fhir/StructureDefinition/CarePlan], CanonicalType[http://hl7.org/fhir/StructureDefinition/ServiceRequest]]}
","A request for this procedure","A reference to a resource that contains details of the request for this procedure.","","","","","","","","","",,,,,"",,,,"Procedure.basedOn",0,*,"","ele-1:All FHIR elements must have a @value or children {hasValue() or (children().count() > id.count())}
","Event.basedOn",".outboundRelationship[typeCode=FLFS].target[classCode=(various e.g. PROC, OBS, PCPR, ACT,  moodCode=RQO].code"
"Procedure.partOf","Procedure.partOf","","container
","",0,*,"","","Y","Reference {[]} {[CanonicalType[http://hl7.org/fhir/StructureDefinition/Procedure], CanonicalType[http://hl7.org/fhir/StructureDefinition/Observation], CanonicalType[http://hl7.org/fhir/StructureDefinition/MedicationAdministration]]}
","Part of referenced event","A larger event of which this particular procedure is a component or step.","The MedicationAdministration resource has a partOf reference to Procedure, but this is not a circular reference.   For example, the anesthesia MedicationAdministration is part of the surgical Procedure (MedicationAdministration.partOf = Procedure).  For example, the procedure to insert the IV port for an IV medication administration is part of the medication administration (Procedure.partOf = MedicationAdministration).","","","","","","","","",,,,,"",,,,"Procedure.partOf",0,*,"","ele-1:All FHIR elements must have a @value or children {hasValue() or (children().count() > id.count())}
","Event.partOf",".inboundRelationship[typeCode=COMP].source[classCode=SBADM or PROC or OBS, moodCode=EVN]","PR1-25"
"Procedure.status","Procedure.status","","","",1,1,"Y","Y","Y","code {[]} {[]}
","preparation | in-progress | not-done | on-hold | stopped | completed | entered-in-error | unknown","A code specifying the state of the procedure. Generally, this will be the in-progress or completed state.","The ""unknown"" code is not to be used to convey other statuses.  The ""unknown"" code should be used when one of the statuses applies, but the authoring system doesn't know the current state of the procedure.

This element is labeled as a modifier because the status contains codes that mark the resource as not currently valid.","","","","","","","","",,"required","","http://hl7.org/fhir/ValueSet/event-status","",,,,"Procedure.status",1,1,"","ele-1:All FHIR elements must have a @value or children {hasValue() or (children().count() > id.count())}
","Event.status","FiveWs.status","statusCode"
"Procedure.statusReason","Procedure.statusReason","","Suspended Reason
Cancelled Reason","",0,1,"Y","","Y","CodeableConcept {[]} {[]}
","Reason for current status","Captures the reason for the current state of the procedure.","This is generally only used for ""exception"" statuses such as ""not-done"", ""suspended"" or ""aborted"". The reason for performing the event at all is captured in reasonCode, not here.","","","","","","","","",,"required","","http://testSK.org/ValueSet/stroke-proc-not-done-reason-vs","",,,,"Procedure.statusReason",0,1,"","ele-1:All FHIR elements must have a @value or children {hasValue() or (children().count() > id.count())}
","Event.statusReason",".reason.Observation.value"
"Procedure.category","Procedure.category","","","",0,*,"","","Y","CodeableConcept {[]} {[]}
","Classification of the procedure","A code that classifies the procedure for searching, sorting and display purposes (e.g. ""Surgical Procedure"").","","","","","","","","","",,"example","A code that classifies a procedure for searching, sorting and display purposes.","http://hl7.org/fhir/ValueSet/procedure-category","",,,,"Procedure.category",0,*,"","ele-1:All FHIR elements must have a @value or children {hasValue() or (children().count() > id.count())}
","FiveWs.class",".outboundRelationship[typeCode=""COMP].target[classCode=""LIST"", moodCode=""EVN""].code","PR1-6"
"Procedure.code","Procedure.code","","type
","",0,1,"","","Y","CodeableConcept {[]} {[]}
","Identification of the procedure","The specific procedure that is performed. Use text if the exact nature of the procedure cannot be coded (e.g. ""Laparoscopic Appendectomy"").","","0..1 to account for primarily narrative only resources.","","","","","","","",,"required","","http://testSK.org/ValueSet/perforation-procedures-vs","",,,,"Procedure.code",0,1,"","ele-1:All FHIR elements must have a @value or children {hasValue() or (children().count() > id.count())}
","Event.code","FiveWs.what[x]",".code","PR1-3"
"Procedure.subject","Procedure.subject","","patient
","",1,1,"","","Y","Reference {[]} {[CanonicalType[http://hl7.org/fhir/StructureDefinition/Patient], CanonicalType[http://hl7.org/fhir/StructureDefinition/Group], CanonicalType[http://hl7.org/fhir/StructureDefinition/Device], CanonicalType[http://hl7.org/fhir/StructureDefinition/Practitioner], CanonicalType[http://hl7.org/fhir/StructureDefinition/Organization], CanonicalType[http://hl7.org/fhir/StructureDefinition/Location]]}
","Individual or entity the procedure was performed on","On whom or on what the procedure was performed. This is usually an individual human, but can also be performed on animals, groups of humans or animals, organizations or practitioners (for licensing), locations or devices (for safety inspections or regulatory authorizations).  If the actual focus of the procedure is different from the subject, the focus element specifies the actual focus of the procedure.","","","","","","","","","",,,,,"",,,,"Procedure.subject",1,1,"","ele-1:All FHIR elements must have a @value or children {hasValue() or (children().count() > id.count())}
","Event.subject","FiveWs.subject[x]",".participation[typeCode=SBJ].role","PID-3"
"Procedure.focus","Procedure.focus","","","",0,1,"","","Y","Reference {[]} {[CanonicalType[http://hl7.org/fhir/StructureDefinition/Patient], CanonicalType[http://hl7.org/fhir/StructureDefinition/Group], CanonicalType[http://hl7.org/fhir/StructureDefinition/RelatedPerson], CanonicalType[http://hl7.org/fhir/StructureDefinition/Practitioner], CanonicalType[http://hl7.org/fhir/StructureDefinition/Organization], CanonicalType[http://hl7.org/fhir/StructureDefinition/CareTeam], CanonicalType[http://hl7.org/fhir/StructureDefinition/PractitionerRole], CanonicalType[http://hl7.org/fhir/StructureDefinition/Specimen]]}
","Who is the target of the procedure when it is not the subject of record only","Who is the target of the procedure when it is not the subject of record only.  If focus is not present, then subject is the focus.  If focus is present and the subject is one of the targets of the procedure, include subject as a focus as well. If focus is present and the subject is not included in focus, it implies that the procedure was only targeted on the focus. For example, when a caregiver is given education for a patient, the caregiver would be the focus and the procedure record is associated with the subject (e.g. patient).  For example, use focus when recording the target of the education, training, or counseling is the parent or relative of a patient.","","","","","","","","","",,,,,"",,,,"Procedure.focus",0,1,"","ele-1:All FHIR elements must have a @value or children {hasValue() or (children().count() > id.count())}
","FiveWs.subject[x]"
"Procedure.encounter","Procedure.encounter","","","",0,1,"","","Y","Reference {[]} {[CanonicalType[http://hl7.org/fhir/StructureDefinition/Encounter]]}
","The Encounter during which this Procedure was created","The Encounter during which this Procedure was created or performed or to which the creation of this record is tightly associated.","This will typically be the encounter the event occurred within, but some activities may be initiated prior to or after the official completion of an encounter but still be tied to the context of the encounter.","","","","","","","","",,,,,"",,,,"Procedure.encounter",0,1,"","ele-1:All FHIR elements must have a @value or children {hasValue() or (children().count() > id.count())}
","Event.encounter","FiveWs.context",".inboundRelationship[typeCode=COMP].source[classCode=ENC, moodCode=EVN]","PV1-19"
"Procedure.occurrence[x]","Procedure.occurrence[x]","","","",0,1,"Y","","Y","Period {[]} {[]}
","When the procedure occurred or is occurring","Estimated or actual date, date-time, period, or age when the procedure did occur or is occurring.  Allows a period to support complex procedures that span more than one date, and also allows for the length of the procedure to be captured.","This indicates when the procedure actually occurred or is occurring, not when it was asked/requested/ordered to occur. For the latter, look at the occurence element of the Request this Procedure is ""basedOn"". The status code allows differentiation of whether the timing reflects a historic event or an ongoing event. Ongoing events should not include an upper bound in the Period or Timing.bounds.

Age is generally used when the patient reports an age at which the procedure was performed. Range is generally used when the patient reports an age range when the procedure was performed, such as sometime between 20-25 years old.  dateTime supports a range of precision due to some procedures being reported as past procedures that might not have millisecond precision while other procedures performed and documented during the encounter might have more precise UTC timestamps with timezone.","","","","","","","","",,,,,"",,,,"Procedure.occurrence[x]",0,1,"","ele-1:All FHIR elements must have a @value or children {hasValue() or (children().count() > id.count())}
","Event.occurrence[x]","FiveWs.done[x]",".effectiveTime","PR1-5 - occurrencePeriod.end can be inferred when both PR1-5 (Procedure Date/Time) and PR1-7 (Procedure Minutes) are populated"
"Procedure.occurrence[x].id","Procedure.occurrence[x].id","","","",0,1,"","","","id {[]} {[]}
","Unique id for inter-element referencing","Unique id for the element within a resource (for internal references). This may be any string value that does not contain spaces.","","","","","","","","","",,,,,"",,,,"Element.id",0,1,"ele-1
","","n/a"
"Procedure.occurrence[x].extension","Procedure.occurrence[x].extension","","extensions
user content","",0,*,"","","","Extension {[]} {[]}
","Additional content defined by implementations","May be used to represent additional information that is not part of the basic definition of the element. To make the use of extensions safe and managable, there is a strict set of governance applied to the definition and use of extensions. Though any implementer can define an extension, there is a set of requirements that SHALL be met as part of the definition of the extension.","There can be no stigma associated with the use of extensions by any application, project, or standard - regardless of the institution or jurisdiction that uses or defines the extensions.  The use of extensions is what allows the FHIR specification to retain a core level of simplicity for everyone.","","","","","","","","",,,,,"","value:url}
","Extensions are always sliced by (at least) url",,"open","Element.extension",0,*,"","ele-1:All FHIR elements must have a @value or children {hasValue() or (children().count() > id.count())}
ext-1:Must have either extensions or value[x], not both {extension.exists() != value.exists()}","n/a"
"Procedure.occurrence[x].start","Procedure.occurrence[x].start","","","",0,1,"Y","","Y","dateTime {[]} {[]}
","Starting time with inclusive boundary","The start of the period. The boundary is inclusive.","If the low element is missing, the meaning is that the low boundary is not known.","","","","","","","","",,,,,"",,,,"Period.start",0,1,"per-1
","ele-1:All FHIR elements must have a @value or children {hasValue() or (children().count() > id.count())}
","./low","DR.1"
"Procedure.occurrence[x].end","Procedure.occurrence[x].end","","","",0,1,"Y","","Y","dateTime {[]} {[]}
","End time with inclusive boundary, if not ongoing","The end of the period. If the end of the period is missing, it means no end was known or planned at the time the instance was created. The start may be in the past, and the end date in the future, which means that period is expected/planned to end at that time.","The end value includes any matching date/time. i.e. 2012-02-03T10:00:00 is in a period that has an end value of 2012-02-03.","","","If the end of the period is missing, it means that the period is ongoing","","","","","",,,,,"",,,,"Period.end",0,1,"per-1
","ele-1:All FHIR elements must have a @value or children {hasValue() or (children().count() > id.count())}
","./high","DR.2"
"Procedure.recorded","Procedure.recorded","","","",0,1,"","","Y","dateTime {[]} {[]}
","When the procedure was first captured in the subject's record","The date the occurrence of the procedure was first captured in the record regardless of Procedure.status (potentially after the occurrence of the event).","","","","","","","","","",,,,,"",,,,"Procedure.recorded",0,1,"","ele-1:All FHIR elements must have a @value or children {hasValue() or (children().count() > id.count())}
","Event.recorded","FiveWs.recorded",".participation[typeCode=AUT].time"
"Procedure.recorder","Procedure.recorder","","","",0,1,"","","Y","Reference {[]} {[CanonicalType[http://hl7.org/fhir/StructureDefinition/Patient], CanonicalType[http://hl7.org/fhir/StructureDefinition/RelatedPerson], CanonicalType[http://hl7.org/fhir/StructureDefinition/Practitioner], CanonicalType[http://hl7.org/fhir/StructureDefinition/PractitionerRole]]}
","Who recorded the procedure","Individual who recorded the record and takes responsibility for its content.","","","","","","","","","",,,,,"",,,,"Procedure.recorder",0,1,"","ele-1:All FHIR elements must have a @value or children {hasValue() or (children().count() > id.count())}
","FiveWs.author",".participation[typeCode=AUT].role"
"Procedure.reported[x]","Procedure.reported[x]","","informer
","",0,1,"","","Y","boolean {[]} {[]}
Reference {[]} {[CanonicalType[http://hl7.org/fhir/StructureDefinition/Patient], CanonicalType[http://hl7.org/fhir/StructureDefinition/RelatedPerson], CanonicalType[http://hl7.org/fhir/StructureDefinition/Practitioner], CanonicalType[http://hl7.org/fhir/StructureDefinition/PractitionerRole], CanonicalType[http://hl7.org/fhir/StructureDefinition/Organization]]}","Reported rather than primary record","Indicates if this record was captured as a secondary 'reported' record rather than as an original primary source-of-truth record.  It may also indicate the source of the report.","","Reported data may have different rules on editing and may be visually distinguished from primary data.","","","","","","","",,,,,"",,,,"Procedure.reported[x]",0,1,"","ele-1:All FHIR elements must have a @value or children {hasValue() or (children().count() > id.count())}
","Event.reported[x]","FiveWs.source",".participation[typeCode=RPT].role"
"Procedure.performer","Procedure.performer","","","",0,*,"","","Y","BackboneElement {[]} {[]}
","Who performed the procedure and what they did","Indicates who or what performed the procedure and how they were involved.","","","","","","","","","",,,,,"",,,,"Procedure.performer",0,*,"","ele-1:All FHIR elements must have a @value or children {hasValue() or (children().count() > id.count())}
prc-1:Procedure.performer.onBehalfOf can only be populated when performer.actor isn't Practitioner or PractitionerRole {onBehalfOf.exists() and actor.resolve().exists() implies actor.resolve().where($this is Practitioner or $this is PractitionerRole).empty()}","Event.performer",".participation[typeCode=PRF]"
"Procedure.performer.id","Procedure.performer.id","","","",0,1,"","","","string {[]} {[]}
","Unique id for inter-element referencing","Unique id for the element within a resource (for internal references). This may be any string value that does not contain spaces.","","","","","","","","","",,,,,"",,,,"Element.id",0,1,"ele-1
","","n/a"
"Procedure.performer.extension","Procedure.performer.extension","","extensions
user content","",0,*,"","","","Extension {[]} {[]}
","Additional content defined by implementations","May be used to represent additional information that is not part of the basic definition of the element. To make the use of extensions safe and managable, there is a strict set of governance applied to the definition and use of extensions. Though any implementer can define an extension, there is a set of requirements that SHALL be met as part of the definition of the extension.","There can be no stigma associated with the use of extensions by any application, project, or standard - regardless of the institution or jurisdiction that uses or defines the extensions.  The use of extensions is what allows the FHIR specification to retain a core level of simplicity for everyone.","","","","","","","","",,,,,"",,,,"Element.extension",0,*,"","ele-1:All FHIR elements must have a @value or children {hasValue() or (children().count() > id.count())}
ext-1:Must have either extensions or value[x], not both {extension.exists() != value.exists()}","n/a"
"Procedure.performer.modifierExtension","Procedure.performer.modifierExtension","","extensions
user contentmodifiers","",0,*,"","Y","Y","Extension {[]} {[]}
","Extensions that cannot be ignored even if unrecognized","May be used to represent additional information that is not part of the basic definition of the element and that modifies the understanding of the element in which it is contained and/or the understanding of the containing element's descendants. Usually modifier elements provide negation or qualification. To make the use of extensions safe and managable, there is a strict set of governance applied to the definition and use of extensions. Though any implementer can define an extension, there is a set of requirements that SHALL be met as part of the definition of the extension. Applications processing a resource are required to check for modifier extensions.

Modifier extensions SHALL NOT change the meaning of any elements on Resource or DomainResource (including cannot change the meaning of modifierExtension itself).","There can be no stigma associated with the use of extensions by any application, project, or standard - regardless of the institution or jurisdiction that uses or defines the extensions.  The use of extensions is what allows the FHIR specification to retain a core level of simplicity for everyone.","Modifier extensions allow for extensions that *cannot* be safely ignored to be clearly distinguished from the vast majority of extensions which can be safely ignored.  This promotes interoperability by eliminating the need for implementers to prohibit the presence of extensions. For further information, see the [definition of modifier extensions](http://hl7.org/fhir/R5/extensibility.html#modifierExtension).","","","","","","","",,,,,"",,,,"BackboneElement.modifierExtension",0,*,"","ele-1:All FHIR elements must have a @value or children {hasValue() or (children().count() > id.count())}
ext-1:Must have either extensions or value[x], not both {extension.exists() != value.exists()}","N/A"
"Procedure.performer.function","Procedure.performer.function","","","",0,1,"","","Y","CodeableConcept {[]} {[]}
","Type of performance","Distinguishes the type of involvement of the performer in the procedure. For example, surgeon, anaesthetist, endoscopist.","","Allows disambiguation of the types of involvement of different performers.","","","","","","","",,"example","A code that identifies the role of a performer of the procedure.","http://hl7.org/fhir/ValueSet/performer-role","",,,,"Procedure.performer.function",0,1,"","ele-1:All FHIR elements must have a @value or children {hasValue() or (children().count() > id.count())}
","Event.performer.function",".functionCode","Some combination of STF-18 / PRA-3 / PRT-4 / ROL-3 / ORC-12 / OBR-16 / PV1-7 / PV1-8 / PV1-9 / PV1-17 / OBX-25"
"Procedure.performer.actor","Procedure.performer.actor","","","",1,1,"","","Y","Reference {[]} {[CanonicalType[http://hl7.org/fhir/StructureDefinition/Practitioner], CanonicalType[http://hl7.org/fhir/StructureDefinition/PractitionerRole], CanonicalType[http://hl7.org/fhir/StructureDefinition/Organization], CanonicalType[http://hl7.org/fhir/StructureDefinition/Patient], CanonicalType[http://hl7.org/fhir/StructureDefinition/RelatedPerson], CanonicalType[http://hl7.org/fhir/StructureDefinition/Device], CanonicalType[http://hl7.org/fhir/StructureDefinition/CareTeam], CanonicalType[http://hl7.org/fhir/StructureDefinition/HealthcareService]]}
","Who performed the procedure","Indicates who or what performed the procedure.","","A reference to Device supports use cases, such as pacemakers.","","","","","","","",,,,,"",,,,"Procedure.performer.actor",1,1,"prc-1
","ele-1:All FHIR elements must have a @value or children {hasValue() or (children().count() > id.count())}
","Event.performer.actor","FiveWs.actor",".role","PR1-8 (Anesthesiologist),  PR1-11 (Surgeon), PR1-12 (Procedure Practitioner) --> Procedure.performer.actor where Procedure.performer.function is also populated"
"Procedure.performer.onBehalfOf","Procedure.performer.onBehalfOf","","","",0,1,"","","","Reference {[]} {[CanonicalType[http://hl7.org/fhir/StructureDefinition/Organization]]}
","Organization the device or practitioner was acting for","The Organization the Patient, RelatedPerson, Device, CareTeam, and HealthcareService was acting on behalf of.","Organization, Patient, RelatedPerson, Device, CareTeam, and HealthcareService can be associated with multiple organizations. This element indicates which organization they were acting on behalf of when performing the action.","Practitioners and Devices can be associated with multiple organizations.  This element indicates which organization they were acting on behalf of when performing the action.","","","","","","","",,,,,"",,,,"Procedure.performer.onBehalfOf",0,1,"prc-1
","ele-1:All FHIR elements must have a @value or children {hasValue() or (children().count() > id.count())}
",".scoper"
"Procedure.performer.period","Procedure.performer.period","","","",0,1,"","","","Period {[]} {[]}
","When the performer performed the procedure","Time period during which the performer performed the procedure.","","","","","","","","","",,,,,"",,,,"Procedure.performer.period",0,1,"","ele-1:All FHIR elements must have a @value or children {hasValue() or (children().count() > id.count())}
"
"Procedure.location","Procedure.location","","","",0,1,"","","Y","Reference {[]} {[CanonicalType[http://hl7.org/fhir/StructureDefinition/Location]]}
","Where the procedure happened","The location where the procedure actually happened.  E.g. a newborn at home, a tracheostomy at a restaurant.","","","","","","","","","",,,,,"",,,,"Procedure.location",0,1,"","ele-1:All FHIR elements must have a @value or children {hasValue() or (children().count() > id.count())}
","FiveWs.where[x]",".participation[typeCode=LOC].role[classCode=SDLOC]","PR1-23"
"Procedure.reason","Procedure.reason","","","",0,*,"","","Y","CodeableReference {[]} {[CanonicalType[http://hl7.org/fhir/StructureDefinition/Condition], CanonicalType[http://hl7.org/fhir/StructureDefinition/Observation], CanonicalType[http://hl7.org/fhir/StructureDefinition/Procedure], CanonicalType[http://hl7.org/fhir/StructureDefinition/DiagnosticReport], CanonicalType[http://hl7.org/fhir/StructureDefinition/DocumentReference]]}
","The justification that the procedure was performed","The coded reason or reference why the procedure was performed. This may be a coded entity of some type, be present as text, or be a reference to one of several resources that justify the procedure.","Use Procedure.reason.concept when a code sufficiently describes the reason. Use Procedure.reason.reference when referencing a resource, which allows more information to be conveyed, such as onset date.  For a single Procedure.reason, if both Procedure.reason.concept and Procedure.reason.reference are present, they are expected to be consistent with each other.","","","","","","","","",,"example","A code that identifies the reason a procedure is  required.","http://hl7.org/fhir/ValueSet/procedure-reason","",,,,"Procedure.reason",0,*,"","ele-1:All FHIR elements must have a @value or children {hasValue() or (children().count() > id.count())}
","Event.reason","FiveWs.why[x]",".reasonCode","PR1-15"
"Procedure.bodySite","Procedure.bodySite","","","",0,*,"","","Y","CodeableConcept {[]} {[]}
","Target body sites","Detailed and structured anatomical location information. Multiple locations are allowed - e.g. multiple punch biopsies of a lesion.","If the use case requires attributes from the BodySite resource (e.g. to identify and track separately) then use the standard extension [http://hl7.org/fhir/StructureDefinition/procedure-targetBodyStructure](http://hl7.org/fhir/extensions/StructureDefinition-procedure-targetBodyStructure.html).","","","","","","","","",,"example","SNOMED CT Body site concepts","http://hl7.org/fhir/ValueSet/body-site","",,,,"Procedure.bodySite",0,*,"","ele-1:All FHIR elements must have a @value or children {hasValue() or (children().count() > id.count())}
",".targetSiteCode","OBX-20"
"Procedure.outcome","Procedure.outcome","","","",0,1,"","","Y","CodeableConcept {[]} {[]}
","The result of procedure","The outcome of the procedure - did it resolve the reasons for the procedure being performed?","If outcome contains narrative text only, it can be captured using the CodeableConcept.text.","","","","","","","","",,"example","An outcome of a procedure - whether it was resolved or otherwise.","http://hl7.org/fhir/ValueSet/procedure-outcome","",,,,"Procedure.outcome",0,1,"","ele-1:All FHIR elements must have a @value or children {hasValue() or (children().count() > id.count())}
",".outboundRelationship[typeCode=OUT].target.text"
"Procedure.report","Procedure.report","","","",0,*,"","","","Reference {[]} {[CanonicalType[http://hl7.org/fhir/StructureDefinition/DiagnosticReport], CanonicalType[http://hl7.org/fhir/StructureDefinition/DocumentReference], CanonicalType[http://hl7.org/fhir/StructureDefinition/Composition]]}
","Any report resulting from the procedure","This could be a histology result, pathology report, surgical report, etc.","There could potentially be multiple reports - e.g. if this was a procedure which took multiple biopsies resulting in a number of anatomical pathology reports.","","","","","","","","",,,,,"",,,,"Procedure.report",0,*,"","ele-1:All FHIR elements must have a @value or children {hasValue() or (children().count() > id.count())}
",".inboundRelationship[typeCode=SUBJ].source[classCode=OBS, moodCode=EVN]"
"Procedure.complication","Procedure.complication","","","",0,*,"Y","","","CodeableReference {[]} {[CanonicalType[http://hl7.org/fhir/StructureDefinition/Condition]]}
","Complication following the procedure","Any complications that occurred during the procedure, or in the immediate post-performance period. These are generally tracked separately from the notes, which will typically describe the procedure itself rather than any 'post procedure' issues.","If complications are only expressed by the narrative text, they can be captured using the CodeableReference.concept.text.","","","","","","","","",,"example","Codes describing complications that resulted from a procedure.","http://hl7.org/fhir/ValueSet/condition-code","",,,,"Procedure.complication",0,*,"","ele-1:All FHIR elements must have a @value or children {hasValue() or (children().count() > id.count())}
",".outboundRelationship[typeCode=OUTC].target[classCode=OBS, code=""complication"", moodCode=EVN].value"
"Procedure.followUp","Procedure.followUp","","","",0,*,"","","","CodeableConcept {[]} {[]}
","Instructions for follow up","If the procedure required specific follow up - e.g. removal of sutures. The follow up may be represented as a simple note or could potentially be more complex, in which case the CarePlan resource can be used.","","","","","","","","","",,"example","Specific follow up required for a procedure e.g. removal of sutures.","http://hl7.org/fhir/ValueSet/procedure-followup","",,,,"Procedure.followUp",0,*,"","ele-1:All FHIR elements must have a @value or children {hasValue() or (children().count() > id.count())}
",".outboundRelationship[typeCode=COMP].target[classCode=ACT, moodCode=INT].code"
"Procedure.note","Procedure.note","","","",0,*,"","","","Annotation {[]} {[]}
","Additional information about the procedure","Any other notes and comments about the procedure.","","","","","","","","","",,,,,"",,,,"Procedure.note",0,*,"","ele-1:All FHIR elements must have a @value or children {hasValue() or (children().count() > id.count())}
","Event.note",".inboundRelationship[typeCode=SUBJ].source[classCode=OBS, moodCode=EVN, code=""annotation""].value","NTE"
"Procedure.focalDevice","Procedure.focalDevice","","","",0,*,"","","","BackboneElement {[]} {[]}
","Manipulated, implanted, or removed device","A device that is implanted, removed or otherwise manipulated (calibration, battery replacement, fitting a prosthesis, attaching a wound-vac, etc.) as a focal portion of the Procedure.","","","","","","","","","",,,,,"",,,,"Procedure.focalDevice",0,*,"","ele-1:All FHIR elements must have a @value or children {hasValue() or (children().count() > id.count())}
",".participation[typeCode=DEV].role[classCode=MANU]"
"Procedure.focalDevice.id","Procedure.focalDevice.id","","","",0,1,"","","","string {[]} {[]}
","Unique id for inter-element referencing","Unique id for the element within a resource (for internal references). This may be any string value that does not contain spaces.","","","","","","","","","",,,,,"",,,,"Element.id",0,1,"ele-1
","","n/a"
"Procedure.focalDevice.extension","Procedure.focalDevice.extension","","extensions
user content","",0,*,"","","","Extension {[]} {[]}
","Additional content defined by implementations","May be used to represent additional information that is not part of the basic definition of the element. To make the use of extensions safe and managable, there is a strict set of governance applied to the definition and use of extensions. Though any implementer can define an extension, there is a set of requirements that SHALL be met as part of the definition of the extension.","There can be no stigma associated with the use of extensions by any application, project, or standard - regardless of the institution or jurisdiction that uses or defines the extensions.  The use of extensions is what allows the FHIR specification to retain a core level of simplicity for everyone.","","","","","","","","",,,,,"",,,,"Element.extension",0,*,"","ele-1:All FHIR elements must have a @value or children {hasValue() or (children().count() > id.count())}
ext-1:Must have either extensions or value[x], not both {extension.exists() != value.exists()}","n/a"
"Procedure.focalDevice.modifierExtension","Procedure.focalDevice.modifierExtension","","extensions
user contentmodifiers","",0,*,"","Y","Y","Extension {[]} {[]}
","Extensions that cannot be ignored even if unrecognized","May be used to represent additional information that is not part of the basic definition of the element and that modifies the understanding of the element in which it is contained and/or the understanding of the containing element's descendants. Usually modifier elements provide negation or qualification. To make the use of extensions safe and managable, there is a strict set of governance applied to the definition and use of extensions. Though any implementer can define an extension, there is a set of requirements that SHALL be met as part of the definition of the extension. Applications processing a resource are required to check for modifier extensions.

Modifier extensions SHALL NOT change the meaning of any elements on Resource or DomainResource (including cannot change the meaning of modifierExtension itself).","There can be no stigma associated with the use of extensions by any application, project, or standard - regardless of the institution or jurisdiction that uses or defines the extensions.  The use of extensions is what allows the FHIR specification to retain a core level of simplicity for everyone.","Modifier extensions allow for extensions that *cannot* be safely ignored to be clearly distinguished from the vast majority of extensions which can be safely ignored.  This promotes interoperability by eliminating the need for implementers to prohibit the presence of extensions. For further information, see the [definition of modifier extensions](http://hl7.org/fhir/R5/extensibility.html#modifierExtension).","","","","","","","",,,,,"",,,,"BackboneElement.modifierExtension",0,*,"","ele-1:All FHIR elements must have a @value or children {hasValue() or (children().count() > id.count())}
ext-1:Must have either extensions or value[x], not both {extension.exists() != value.exists()}","N/A"
"Procedure.focalDevice.action","Procedure.focalDevice.action","","","",0,1,"","","","CodeableConcept {[]} {[]}
","Kind of change to device","The kind of change that happened to the device during the procedure.","","","","","","","","","",,"preferred","A kind of change that happened to the device during the procedure.","http://hl7.org/fhir/ValueSet/device-action","",,,,"Procedure.focalDevice.action",0,1,"","ele-1:All FHIR elements must have a @value or children {hasValue() or (children().count() > id.count())}
",".inboundRelationship[typeCode=SUBJ].source[classCode=OBS, moodCode=EVN, code=""procedure device action""].value=:procedure device action codes"
"Procedure.focalDevice.manipulated","Procedure.focalDevice.manipulated","","","",1,1,"","","","Reference {[]} {[CanonicalType[http://hl7.org/fhir/StructureDefinition/Device]]}
","Device that was changed","The device that was manipulated (changed) during the procedure.","","","","","","","","","",,,,,"",,,,"Procedure.focalDevice.manipulated",1,1,"","ele-1:All FHIR elements must have a @value or children {hasValue() or (children().count() > id.count())}
",".participation[typeCode=DEV].role[classCode=SDLOC]"
"Procedure.used","Procedure.used","","","",0,*,"","","","CodeableReference {[]} {[CanonicalType[http://hl7.org/fhir/StructureDefinition/Device], CanonicalType[http://hl7.org/fhir/StructureDefinition/Medication], CanonicalType[http://hl7.org/fhir/StructureDefinition/Substance], CanonicalType[http://hl7.org/fhir/StructureDefinition/BiologicallyDerivedProduct]]}
","Items used during procedure","Identifies medications, devices and any other substance used as part of the procedure.","For devices actually implanted or removed, use Procedure.focalDevice.manipulated.","Used for tracking contamination, etc.","","","","","","","",,"example","Codes describing items used during a procedure.","http://hl7.org/fhir/ValueSet/device-type","",,,,"Procedure.used",0,*,"","ele-1:All FHIR elements must have a @value or children {hasValue() or (children().count() > id.count())}
","participation[typeCode=Dev].role[classCode=MANU]"
"Procedure.supportingInfo","Procedure.supportingInfo","","","",0,*,"","","","Reference {[]} {[CanonicalType[http://hl7.org/fhir/StructureDefinition/Resource]]}
","Extra information relevant to the procedure","Other resources from the patient record that may be relevant to the procedure.  The information from these resources was either used to create the instance or is provided to help with its interpretation. This extension should not be used if more specific inline elements or extensions are available.","","","","","","","","","",,,,,"",,,,"Procedure.supportingInfo",0,*,"","ele-1:All FHIR elements must have a @value or children {hasValue() or (children().count() > id.count())}
",".outboundRelationship[typeCode=PERT].target"
