<?xml version="1.0" encoding="UTF-8"?>

<MedicationRequest xmlns="http://hl7.org/fhir">
  <id value="discharge-medication-request-001"/>
  <meta>
    <profile value="http://testSK.org/StructureDefinition/discharge-medication-request-profile"/>
  </meta>
  <text>
    <status value="generated"/><div xmlns="http://www.w3.org/1999/xhtml"><p class="res-header-id"><b>Generated Narrative: MedicationRequest discharge-medication-request-001</b></p><a name="discharge-medication-request-001"> </a><a name="hcdischarge-medication-request-001"> </a><a name="discharge-medication-request-001-en-US"> </a><div style="display: inline-block; background-color: #d9e0e7; padding: 6px; margin: 4px; border: 1px solid #8da1b4; border-radius: 5px; line-height: 60%"><p style="margin-bottom: 0px"/><p style="margin-bottom: 0px">Profile: <a href="StructureDefinition-discharge-medication-request-profile.html">Discharge Medication Request Profile</a></p></div><p><b>status</b>: Active</p><p><b>intent</b>: Order</p><p><b>category</b>: <span title="Codes:{http://terminology.hl7.org/CodeSystem/medicationrequest-admin-location community}">Community</span></p><h3>Medications</h3><table class="grid"><tr><td style="display: none">-</td><td><b>Concept</b></td></tr><tr><td style="display: none">*</td><td><span title="Codes:{http://snomed.info/sct 372756006}">Warfarin (substance)</span></td></tr></table><p><b>subject</b>: <a href="Patient-example-patient.html">Anonymous Patient (no stated gender), DoB Unknown</a></p><p><b>encounter</b>: <a href="Encounter-StrokeEncounterExample.html">Encounter: extension = true,ICU / Stroke Unit,false,Neurology department (environment); status = completed; type = Inpatient Encounter; actualPeriod = 2025-03-01 08:00:00+0000 --&gt; 2025-03-10 12:00:00+0000</a></p></div>
  </text>
  <status value="active"/>
  <intent value="order"/>
  <category>
    <coding>
      <system value="http://terminology.hl7.org/CodeSystem/medicationrequest-admin-location"/>
      <code value="community"/>
    </coding>
  </category>
  <medication>
    <concept>
      <coding>
        <system value="http://snomed.info/sct"/>
        <code value="372756006"/>
        <display value="Warfarin (substance)"/>
      </coding>
    </concept>
  </medication>
  <subject>
    <reference value="Patient/example-patient"/>
  </subject>
  <encounter>
    <reference value="Encounter/StrokeEncounterExample"/>
  </encounter>
</MedicationRequest>