<?xml version="1.0" encoding="UTF-8"?>

<MedicationStatement xmlns="http://hl7.org/fhir">
  <id value="PriorMedicationStatementExample"/>
  <meta>
    <profile value="http://testSK.org/StructureDefinition/prior-medication-statement-profile"/>
  </meta>
  <text>
    <status value="generated"/><div xmlns="http://www.w3.org/1999/xhtml"><p class="res-header-id"><b>Generated Narrative: MedicationStatement PriorMedicationStatementExample</b></p><a name="PriorMedicationStatementExample"> </a><a name="hcPriorMedicationStatementExample"> </a><div style="display: inline-block; background-color: #d9e0e7; padding: 6px; margin: 4px; border: 1px solid #8da1b4; border-radius: 5px; line-height: 60%"><p style="margin-bottom: 0px"/><p style="margin-bottom: 0px">Profile: <a href="StructureDefinition-prior-medication-statement-profile.html">Prior Medication Statement Profile (R5)</a></p></div><p><b>status</b>: Recorded</p><h3>Medications</h3><table class="grid"><tr><td style="display: none">-</td><td><b>Concept</b></td></tr><tr><td style="display: none">*</td><td><span title="Codes:{http://snomed.info/sct 722045009}">Warfarin therapy (procedure)</span></td></tr></table><p><b>subject</b>: <a href="Patient-example-patient.html">Anonymous Patient (no stated gender), DoB Unknown</a></p><p><b>encounter</b>: <code>EncounterExample</code></p><h3>Reasons</h3><table class="grid"><tr><td style="display: none">-</td><td><b>Reference</b></td></tr><tr><td style="display: none">*</td><td><a href="Condition-StrokeDiagnosisConditionExample.html">Condition Transient ischemic attack (disorder)</a></td></tr></table><h3>Adherences</h3><table class="grid"><tr><td style="display: none">-</td><td><b>Code</b></td></tr><tr><td style="display: none">*</td><td><span title="Codes:{http://hl7.org/fhir/CodeSystem/medication-statement-adherence taking}">Taking</span></td></tr></table></div>
  </text>
  <status value="recorded"/>
  <medication>
    <concept>
      <coding>
        <system value="http://snomed.info/sct"/>
        <code value="722045009"/>
        <display value="Warfarin therapy (procedure)"/>
      </coding>
    </concept>
  </medication>
  <subject>
    <reference value="Patient/example-patient"/>
  </subject>
  <encounter>
    <reference value="EncounterExample"/>
  </encounter>
  <reason>
    <reference>
      <reference value="Condition/StrokeDiagnosisConditionExample"/>
    </reference>
  </reason>
  <adherence>
    <code>
      <coding>
        <system value="http://hl7.org/fhir/CodeSystem/medication-statement-adherence"/>
        <code value="taking"/>
      </coding>
    </code>
  </adherence>
</MedicationStatement>