<?xml version="1.0" encoding="UTF-8"?>

<Observation xmlns="http://hl7.org/fhir">
  <id value="VitalSignObservationExample"/>
  <meta>
    <profile value="http://testSK.org/StructureDefinition/vital-sign-observation-profile"/>
  </meta>
  <text>
    <status value="generated"/><div xmlns="http://www.w3.org/1999/xhtml"><p class="res-header-id"><b>Generated Narrative: Observation VitalSignObservationExample</b></p><a name="VitalSignObservationExample"> </a><a name="hcVitalSignObservationExample"> </a><a name="VitalSignObservationExample-en-US"> </a><div style="display: inline-block; background-color: #d9e0e7; padding: 6px; margin: 4px; border: 1px solid #8da1b4; border-radius: 5px; line-height: 60%"><p style="margin-bottom: 0px"/><p style="margin-bottom: 0px">Profile: <a href="StructureDefinition-vital-sign-observation-profile.html">Stroke Vital Sign Observation Profile (R5)</a></p></div><p><b>status</b>: Final</p><p><b>category</b>: <span title="Codes:{http://terminology.hl7.org/CodeSystem/observation-category vital-signs}">Vital Signs</span></p><p><b>code</b>: <span title="Codes:{http://snomed.info/sct 271649006}">Systolic blood pressure (observable entity)</span></p><p><b>subject</b>: <a href="Patient-example-patient.html">Anonymous Patient (no stated gender), DoB Unknown</a></p><p><b>encounter</b>: <a href="Encounter-StrokeEncounterExample.html">Encounter: extension = true,ICU / Stroke Unit,false,Neurology department (environment); status = completed; type = Inpatient Encounter; actualPeriod = 2025-03-01 08:00:00+0000 --&gt; 2025-03-10 12:00:00+0000</a></p><p><b>value</b>: 120 mmHg<span style="background: LightGoldenRodYellow"> (Details: UCUM  codemm[Hg] = 'mm[Hg]')</span></p></div>
  </text>
  <status value="final"/>
  <category>
    <coding>
      <system value="http://terminology.hl7.org/CodeSystem/observation-category"/>
      <code value="vital-signs"/>
    </coding>
  </category>
  <code>
    <coding>
      <system value="http://snomed.info/sct"/>
      <code value="271649006"/>
      <display value="Systolic blood pressure (observable entity)"/>
    </coding>
  </code>
  <subject>
    <reference value="Patient/example-patient"/>
  </subject>
  <encounter>
    <reference value="Encounter/StrokeEncounterExample"/>
  </encounter>
  <valueQuantity>
    <value value="120"/>
    <unit value="mmHg"/>
    <system value="http://unitsofmeasure.org"/>
    <code value="mm[Hg]"/>
  </valueQuantity>
</Observation>