<?xml version="1.0" encoding="UTF-8"?>

<Organization xmlns="http://hl7.org/fhir">
  <id value="ExampleStrokeOrganization"/>
  <meta>
    <profile value="http://testSK.org/StructureDefinition/stroke-registry-organization-profile"/>
  </meta>
  <text>
    <status value="generated"/><div xmlns="http://www.w3.org/1999/xhtml"><p class="res-header-id"><b>Generated Narrative: Organization ExampleStrokeOrganization</b></p><a name="ExampleStrokeOrganization"> </a><a name="hcExampleStrokeOrganization"> </a><div style="display: inline-block; background-color: #d9e0e7; padding: 6px; margin: 4px; border: 1px solid #8da1b4; border-radius: 5px; line-height: 60%"><p style="margin-bottom: 0px"/><p style="margin-bottom: 0px">Profile: <a href="StructureDefinition-stroke-registry-organization-profile.html">Stroke Registry Organization Profile</a></p></div><p><b>identifier</b>: <code>https://stroke.qualityregistry.org</code>/987654</p><p><b>active</b>: true</p><p><b>name</b>: University Hospital of Boston</p></div>
  </text>
  <identifier>
    <system value="https://stroke.qualityregistry.org"/>
    <value value="987654"/>
  </identifier>
  <active value="true"/>
  <name value="University Hospital of Boston"/>
</Organization>