<?xml version="1.0" encoding="UTF-8"?>

<Procedure xmlns="http://hl7.org/fhir">
  <id value="StrokeThrombolysisExample"/>
  <meta>
    <profile value="http://testSK.org/StructureDefinition/stroke-thrombolysis-procedure-profile"/>
  </meta>
  <text>
    <status value="extensions"/><div xmlns="http://www.w3.org/1999/xhtml"><p class="res-header-id"><b>Generated Narrative: Procedure StrokeThrombolysisExample</b></p><a name="StrokeThrombolysisExample"> </a><a name="hcStrokeThrombolysisExample"> </a><div style="display: inline-block; background-color: #d9e0e7; padding: 6px; margin: 4px; border: 1px solid #8da1b4; border-radius: 5px; line-height: 60%"><p style="margin-bottom: 0px"/><p style="margin-bottom: 0px">Profile: <a href="StructureDefinition-stroke-thrombolysis-procedure-profile.html">Stroke Thrombolysis Procedure Profile (R5)</a></p></div><p><b>Procedure Timing Context Extension</b>: <span title="Codes:{http://testSK.org/CodeSystem/procedure-timing-context-cs unknown}">Unknown/Not Applicable</span></p><p><b>status</b>: Completed</p><p><b>code</b>: <span title="Codes:{http://snomed.info/sct 472191000119101}">Thrombolysis of cerebral artery by intravenous infusion (procedure)</span></p><p><b>subject</b>: <a href="Patient-example-patient.html">Anonymous Patient (no stated gender), DoB Unknown</a></p><p><b>occurrence</b>: 2025-03-01 10:00:00+0000 --&gt; 2025-03-01 10:30:00+0000</p></div>
  </text>
  <extension url="http://testSK.org/StructureDefinition/procedure-timing-context-ext">
    <valueCodeableConcept>
      <coding>
        <system value="http://testSK.org/CodeSystem/procedure-timing-context-cs"/>
        <code value="unknown"/>
        <display value="Unknown/Not Applicable"/>
      </coding>
    </valueCodeableConcept>
  </extension>
  <status value="completed"/>
  <code>
    <coding>
      <system value="http://snomed.info/sct"/>
      <code value="472191000119101"/>
      <display value="Thrombolysis of cerebral artery by intravenous infusion (procedure)"/>
    </coding>
  </code>
  <subject>
    <reference value="Patient/example-patient"/>
  </subject>
  <occurrencePeriod>
    <start value="2025-03-01T10:00:00Z"/>
    <end value="2025-03-01T10:30:00Z"/>
  </occurrencePeriod>
</Procedure>