<?xml version="1.0" encoding="UTF-8"?><CodeSystem xmlns="http://hl7.org/fhir"><id value="hemorrhagic-stroke-bleeding-reason-cs"/><text><status value="generated"/><div xmlns="http://www.w3.org/1999/xhtml"><p class="res-header-id"><b>Generated Narrative: CodeSystem hemorrhagic-stroke-bleeding-reason-cs</b></p><a name="hemorrhagic-stroke-bleeding-reason-cs"> </a><a name="hchemorrhagic-stroke-bleeding-reason-cs"> </a><p>This case-insensitive code system <code>http://testSK.org/CodeSystem/hemorrhagic-stroke-bleeding-reason-cs</code> defines the following codes:</p><table class="codes"><tr><td style="white-space:nowrap"><b>Code</b></td><td><b>Display</b></td><td><b>Definition</b></td></tr><tr><td style="white-space:nowrap">aneurysm<a name="hemorrhagic-stroke-bleeding-reason-cs-aneurysm"> </a></td><td>Bleeding Reason Aneurysm</td><td>A cerebral aneurysm was identified as the cause of the patient's hemorrhagic stroke</td></tr><tr><td style="white-space:nowrap">malformation<a name="hemorrhagic-stroke-bleeding-reason-cs-malformation"> </a></td><td>Bleeding Reason Malformation</td><td>A vascular malformation was identified as the cause of the patient's hemorrhagic stroke</td></tr><tr><td style="white-space:nowrap">other<a name="hemorrhagic-stroke-bleeding-reason-cs-other"> </a></td><td>Bleeding Reason Other</td><td>Another, less common or unspecified cause of intracranial hemorrhage was identified</td></tr></table></div></text><url value="http://testSK.org/CodeSystem/hemorrhagic-stroke-bleeding-reason-cs"/><version value="0.1.0"/><name value="HemorrhagicStrokeBleedingReasonCS"/><title value="Hemorrhagic Stroke Bleeding Reason Code System"/><status value="active"/><experimental value="true"/><date value="2025-09-23T16:36:06+00:00"/><publisher value="UMU"/><contact><name value="UMU"/><telecom><system value="url"/><value value="http://testSK.org/umu"/></telecom></contact><description value="Codes indicating the reason for bleeding in hemorrhagic stroke cases."/><caseSensitive value="false"/><content value="complete"/><count value="3"/><concept><code value="aneurysm"/><display value="Bleeding Reason Aneurysm"/><definition value="A cerebral aneurysm was identified as the cause of the patient's hemorrhagic stroke"/></concept><concept><code value="malformation"/><display value="Bleeding Reason Malformation"/><definition value="A vascular malformation was identified as the cause of the patient's hemorrhagic stroke"/></concept><concept><code value="other"/><display value="Bleeding Reason Other"/><definition value="Another, less common or unspecified cause of intracranial hemorrhage was identified"/></concept></CodeSystem>