<?xml version="1.0" encoding="UTF-8"?><CodeSystem xmlns="http://hl7.org/fhir"><id value="stroke-circumstance-codes-cs"/><text><status value="generated"/><div xmlns="http://www.w3.org/1999/xhtml"><p class="res-header-id"><b>Generated Narrative: CodeSystem stroke-circumstance-codes-cs</b></p><a name="stroke-circumstance-codes-cs"> </a><a name="hcstroke-circumstance-codes-cs"> </a><p>This  code system <code>http://testSK.org/CodeSystem/stroke-circumstance-codes-cs</code> defines the following codes:</p><table class="codes"><tr><td style="white-space:nowrap"><b>Code</b></td><td><b>Display</b></td><td><b>Definition</b></td></tr><tr><td style="white-space:nowrap">in-hospital<a name="stroke-circumstance-codes-cs-in-hospital"> </a></td><td>In-hospital Stroke</td><td>Indicates that the stroke occurred while the patient was already admitted to the hospital for another reason.</td></tr><tr><td style="white-space:nowrap">wake-up<a name="stroke-circumstance-codes-cs-wake-up"> </a></td><td>Wake-up Stroke</td><td>Indicates that the stroke symptoms were first noticed upon waking from sleep, with an unknown time of onset.</td></tr></table></div></text><url value="http://testSK.org/CodeSystem/stroke-circumstance-codes-cs"/><version value="0.1.0"/><name value="StrokeCircumstanceCodesCS"/><title value="Stroke Circumstance Codes CodeSystem"/><status value="active"/><date value="2025-10-06T07:31:52+00:00"/><publisher value="UMU"/><contact><name value="UMU"/><telecom><system value="url"/><value value="http://testSK.org/umu"/></telecom></contact><description value="Codes for findings related to the circumstances of stroke onset (In-hospital, Wake-up)."/><content value="complete"/><count value="2"/><concept><code value="in-hospital"/><display value="In-hospital Stroke"/><definition value="Indicates that the stroke occurred while the patient was already admitted to the hospital for another reason."/></concept><concept><code value="wake-up"/><display value="Wake-up Stroke"/><definition value="Indicates that the stroke symptoms were first noticed upon waking from sleep, with an unknown time of onset."/></concept></CodeSystem>