<?xml version="1.0" encoding="UTF-8"?><CodeSystem xmlns="http://hl7.org/fhir"><id value="assessment-context-cs"/><text><status value="generated"/><div xmlns="http://www.w3.org/1999/xhtml"><p class="res-header-id"><b>Generated Narrative: CodeSystem assessment-context-cs</b></p><a name="assessment-context-cs"> </a><a name="hcassessment-context-cs"> </a><p>This case-insensitive code system <code>http://testSK.org/CodeSystem/assessment-context-cs</code> defines the following codes:</p><table class="codes"><tr><td style="white-space:nowrap"><b>Code</b></td><td><b>Display</b></td><td><b>Definition</b></td></tr><tr><td style="white-space:nowrap">pre-stroke<a name="assessment-context-cs-pre-stroke"> </a></td><td>Pre-stroke</td><td>Assessment reflects patient state before the current stroke event.</td></tr><tr><td style="white-space:nowrap">admission<a name="assessment-context-cs-admission"> </a></td><td>Admission</td><td>Assessment performed upon or shortly after hospital admission for the stroke event.</td></tr><tr><td style="white-space:nowrap">discharge<a name="assessment-context-cs-discharge"> </a></td><td>Discharge</td><td>Assessment performed at the time of hospital discharge.</td></tr><tr><td style="white-space:nowrap">3-month<a name="assessment-context-cs-3-month"> </a></td><td>3-Month Follow-up</td><td>Assessment performed approximately 3 months post-discharge.</td></tr></table></div></text><url value="http://testSK.org/CodeSystem/assessment-context-cs"/><version value="0.1.0"/><name value="AssessmentContextCS"/><title value="Assessment Context Code System"/><status value="active"/><experimental value="true"/><date value="2025-09-23T08:52:02+00:00"/><publisher value="UMU"/><contact><name value="UMU"/><telecom><system value="url"/><value value="http://testSK.org/umu"/></telecom></contact><description value="Codes defining the context or timing of a clinical assessment, particularly functional scores."/><caseSensitive value="false"/><content value="complete"/><count value="4"/><concept><code value="pre-stroke"/><display value="Pre-stroke"/><definition value="Assessment reflects patient state before the current stroke event."/></concept><concept><code value="admission"/><display value="Admission"/><definition value="Assessment performed upon or shortly after hospital admission for the stroke event."/></concept><concept><code value="discharge"/><display value="Discharge"/><definition value="Assessment performed at the time of hospital discharge."/></concept><concept><code value="3-month"/><display value="3-Month Follow-up"/><definition value="Assessment performed approximately 3 months post-discharge."/></concept></CodeSystem>