<?xml version="1.0" encoding="UTF-8"?><ImplementationGuide xmlns="http://hl7.org/fhir"><id value="SKtestIG"/><text><status value="generated"/><div xmlns="http://www.w3.org/1999/xhtml"><p class="res-header-id"><b>Generated Narrative: ImplementationGuide SKtestIG</b></p><a name="SKtestIG"> </a><a name="hcSKtestIG"> </a><h2>IGTest</h2><p>The official URL for this implementation guide is: </p><pre>http://testSK.org/ImplementationGuide/SKtestIG</pre></div></text><url value="http://testSK.org/ImplementationGuide/SKtestIG"/><version value="0.1.0"/><name value="IGTest"/><status value="draft"/><date value="2025-09-22T16:06:01+00:00"/><publisher value="UMU"/><contact><name value="UMU"/><telecom><system value="url"/><value value="http://testSK.org/umu"/></telecom></contact><packageId value="SKtestIG"/><license value="CC0-1.0"/><fhirVersion value="5.0.0"/><dependsOn id="hl7tx"><extension url="http://hl7.org/fhir/tools/StructureDefinition/implementationguide-dependency-comment"><valueMarkdown value="Automatically added as a dependency - all IGs depend on HL7 Terminology"/></extension><uri value="http://terminology.hl7.org/ImplementationGuide/hl7.terminology"/><packageId value="hl7.terminology.r5"/><version value="6.5.0"/></dependsOn><dependsOn id="hl7ext"><extension url="http://hl7.org/fhir/tools/StructureDefinition/implementationguide-dependency-comment"><valueMarkdown value="Automatically added as a dependency - all IGs depend on the HL7 Extension Pack"/></extension><uri value="http://hl7.org/fhir/extensions/ImplementationGuide/hl7.fhir.uv.extensions"/><packageId value="hl7.fhir.uv.extensions.r5"/><version value="5.2.0"/></dependsOn><definition><extension url="http://hl7.org/fhir/tools/StructureDefinition/ig-internal-dependency"><valueCode value="hl7.fhir.uv.tools.r5#0.8.0"/></extension><grouping id="Profiles"><name value="Profiles"/><description value="Clinical and administrative profiles"/></grouping><grouping id="Extensions"><name value="Extensions"/><description value="Custom extensions"/></grouping><grouping id="Terminology"><name value="Terminology"/><description value="CodeSystems and ValueSets"/></grouping><grouping id="Examples"><name value="Examples"/><description value="Example instances"/></grouping><grouping id="-str-profile"><name value="Structures: Resource Profiles"/><description value="These define constraints on FHIR resources for systems conforming to this implementation guide."/></grouping><grouping id="-str-extension"><name value="Structures: Extension Definitions"/><description value="These define constraints on FHIR data types for systems conforming to this implementation guide."/></grouping><grouping id="-term-valueset"><name value="Terminology: Value Sets"/><description value="These define sets of codes used by systems conforming to this implementation guide."/></grouping><grouping id="-term-codesystem"><name value="Terminology: Code Systems"/><description value="These define new code systems used by systems conforming to this implementation guide."/></grouping><grouping id="-ex-example"><name value="Example: Example Instances"/><description value="These are example instances that show what data produced and consumed by systems conforming with this implementation guide might look like."/></grouping><resource><extension url="http://hl7.org/fhir/tools/StructureDefinition/resource-sort"><valueInteger value="999999999"/></extension><extension url="http://hl7.org/fhir/StructureDefinition/implementationguide-page"><valueUri value="StructureDefinition-prior-medication-statement-profile.html"/></extension><reference><reference value="StructureDefinition/prior-medication-statement-profile"/></reference><name value="Prior Medication Statement Profile (R5)"/><description value="Represents a statement about the patient's medication use *before* the index event."/><isExample value="false"/><groupingId value="Profiles"/></resource><resource><extension url="http://hl7.org/fhir/tools/StructureDefinition/resource-sort"><valueInteger value="999999999"/></extension><extension url="http://hl7.org/fhir/StructureDefinition/implementationguide-page"><valueUri value="StructureDefinition-stroke-encounter-profile.html"/></extension><reference><reference value="StructureDefinition/stroke-encounter-profile"/></reference><name value="Stroke Encounter Profile"/><description value="Profile for an Encounter resource representing a patient's hospital admission and stay for a stroke event, including key administrative and workflow details."/><isExample value="false"/><groupingId value="Profiles"/></resource><resource><extension url="http://hl7.org/fhir/tools/StructureDefinition/resource-sort"><valueInteger value="999999999"/></extension><extension url="http://hl7.org/fhir/StructureDefinition/implementationguide-page"><valueUri value="StructureDefinition-functional-score-observation-profile.html"/></extension><reference><reference value="StructureDefinition/functional-score-observation-profile"/></reference><name value="Stroke Functional Score Observation Profile (R5, Timing Ext)"/><description value="Profile for recording functional scores (mRS, NIHSS), using an extension for timing context."/><isExample value="false"/><groupingId value="Profiles"/></resource><resource><extension url="http://hl7.org/fhir/tools/StructureDefinition/resource-sort"><valueInteger value="999999999"/></extension><extension url="http://hl7.org/fhir/StructureDefinition/implementationguide-page"><valueUri value="StructureDefinition-first-hospital-ext.html"/></extension><reference><reference value="StructureDefinition/first-hospital-ext"/></reference><name value="First Hospital Extension"/><description value="Indicates if the reporting hospital was the first medical facility to admit the patient for this stroke episode."/><isExample value="false"/><groupingId value="Extensions"/></resource><resource><extension url="http://hl7.org/fhir/tools/StructureDefinition/resource-sort"><valueInteger value="999999999"/></extension><extension url="http://hl7.org/fhir/StructureDefinition/implementationguide-page"><valueUri value="StructureDefinition-initial-care-intensity-ext.html"/></extension><reference><reference value="StructureDefinition/initial-care-intensity-ext"/></reference><name value="Initial Care Intensity Extension"/><description value="Specifies the level of care provided during the patient's initial day(s) in the hospital (e.g., standard bed, monitored, ICU/Stroke Unit)."/><isExample value="false"/><groupingId value="Extensions"/></resource><resource><extension url="http://hl7.org/fhir/tools/StructureDefinition/resource-sort"><valueInteger value="999999999"/></extension><extension url="http://hl7.org/fhir/StructureDefinition/implementationguide-page"><valueUri value="CodeSystem-mtici-score-cs.html"/></extension><reference><reference value="CodeSystem/mtici-score-cs"/></reference><name value="mTICI Score Code System"/><description value="CodeSystem containing the codes to represent the mTICI score."/><isExample value="false"/><groupingId value="Terminology"/></resource><resource><extension url="http://hl7.org/fhir/tools/StructureDefinition/resource-sort"><valueInteger value="999999999"/></extension><extension url="http://hl7.org/fhir/StructureDefinition/implementationguide-page"><valueUri value="ValueSet-stroke-diagnosis-vs.html"/></extension><reference><reference value="ValueSet/stroke-diagnosis-vs"/></reference><name value="Stroke Diagnosis ValueSet"/><description value="Defines the SNOMED CT codes for final stroke diagnoses, including specific types and etiologies where applicable."/><isExample value="false"/><groupingId value="Terminology"/></resource><resource><extension url="http://hl7.org/fhir/tools/StructureDefinition/resource-sort"><valueInteger value="999999999"/></extension><extension url="http://hl7.org/fhir/StructureDefinition/implementationguide-page"><valueUri value="Encounter-StrokeEncounterExample.html"/></extension><reference><reference value="Encounter/StrokeEncounterExample"/></reference><name value="StrokeEncounterExample"/><isExample value="true"/><profile value="http://testSK.org/StructureDefinition/stroke-encounter-profile"/><groupingId value="Examples"/></resource><resource><extension url="http://hl7.org/fhir/tools/StructureDefinition/resource-sort"><valueInteger value="999999999"/></extension><extension url="http://hl7.org/fhir/StructureDefinition/implementationguide-page"><valueUri value="Observation-VitalSignObservationExample.html"/></extension><reference><reference value="Observation/VitalSignObservationExample"/></reference><name value="VitalSignObservationExample"/><isExample value="true"/><profile value="http://testSK.org/StructureDefinition/vital-sign-observation-profile"/><groupingId value="Examples"/></resource><resource><extension url="http://hl7.org/fhir/tools/StructureDefinition/resource-sort"><valueInteger value="999999999"/></extension><extension url="http://hl7.org/fhir/StructureDefinition/implementationguide-page"><valueUri value="StructureDefinition-age-at-onset-observation-profile.html"/></extension><reference><reference value="StructureDefinition/age-at-onset-observation-profile"/></reference><name value="Age at Stroke Onset Observation Profile (R5)"/><description value="Profile specifically for recording the patient's age at stroke onset."/><isExample value="false"/><groupingId value="-str-profile"/></resource><resource><extension url="http://hl7.org/fhir/tools/StructureDefinition/resource-sort"><valueInteger value="999999999"/></extension><extension url="http://hl7.org/fhir/StructureDefinition/implementationguide-page"><valueUri value="StructureDefinition-base-stroke-observation.html"/></extension><reference><reference value="StructureDefinition/base-stroke-observation"/></reference><name value="Base Profile for Stroke-Related Observations"/><description value="Constraints for observations recorded in the context of stroke care."/><isExample value="false"/><groupingId value="-str-profile"/></resource><resource><extension url="http://hl7.org/fhir/tools/StructureDefinition/resource-sort"><valueInteger value="999999999"/></extension><extension url="http://hl7.org/fhir/StructureDefinition/implementationguide-page"><valueUri value="StructureDefinition-discharge-medication-request-profile.html"/></extension><reference><reference value="StructureDefinition/discharge-medication-request-profile"/></reference><name value="Discharge Medication Request Profile"/><description value="Represents a medication prescription made as part of the patient's discharge plan, categorized as community administration."/><isExample value="false"/><groupingId value="-str-profile"/></resource><resource><extension url="http://hl7.org/fhir/tools/StructureDefinition/resource-sort"><valueInteger value="999999999"/></extension><extension url="http://hl7.org/fhir/StructureDefinition/implementationguide-page"><valueUri value="StructureDefinition-encounter-provider-provenance.html"/></extension><reference><reference value="StructureDefinition/encounter-provider-provenance"/></reference><name value="Encounter Provider Provenance Profile (R5)"/><description value="R5 Profile for Provenance resource linking the healthcare provider organization (agent) to the specific Encounter resource (target)."/><isExample value="false"/><groupingId value="-str-profile"/></resource><resource><extension url="http://hl7.org/fhir/tools/StructureDefinition/resource-sort"><valueInteger value="999999999"/></extension><extension url="http://hl7.org/fhir/StructureDefinition/implementationguide-page"><valueUri value="StructureDefinition-patient-age-gender-snomed-profile.html"/></extension><reference><reference value="StructureDefinition/patient-age-gender-snomed-profile"/></reference><name value="Patient with SNOMED Gender and Age (extensions)"/><description value="Profile that adds an integer age extension and a SNOMED-based gender extension."/><isExample value="false"/><groupingId value="-str-profile"/></resource><resource><extension url="http://hl7.org/fhir/tools/StructureDefinition/resource-sort"><valueInteger value="999999999"/></extension><extension url="http://hl7.org/fhir/StructureDefinition/implementationguide-page"><valueUri value="StructureDefinition-specific-finding-observation-profile.html"/></extension><reference><reference value="StructureDefinition/specific-finding-observation-profile"/></reference><name value="Specific Stroke Finding Observation Profile (R5)"/><description value="Profile for specific coded findings like Afib/Flutter status or mTICI score."/><isExample value="false"/><groupingId value="-str-profile"/></resource><resource><extension url="http://hl7.org/fhir/tools/StructureDefinition/resource-sort"><valueInteger value="999999999"/></extension><extension url="http://hl7.org/fhir/StructureDefinition/implementationguide-page"><valueUri value="StructureDefinition-stroke-brain-imaging-procedure-profile.html"/></extension><reference><reference value="StructureDefinition/stroke-brain-imaging-procedure-profile"/></reference><name value="Stroke Brain Imaging Procedure Profile (R5)"/><description value="Procedure profile to record key stroke procedures, including status, timing, complications, reasons, and context."/><isExample value="false"/><groupingId value="-str-profile"/></resource><resource><extension url="http://hl7.org/fhir/tools/StructureDefinition/resource-sort"><valueInteger value="999999999"/></extension><extension url="http://hl7.org/fhir/StructureDefinition/implementationguide-page"><valueUri value="StructureDefinition-stroke-carotid-imaging-procedure-profile.html"/></extension><reference><reference value="StructureDefinition/stroke-carotid-imaging-procedure-profile"/></reference><name value="Stroke Carotid Imaging Procedure Profile (R5)"/><description value="Procedure profile to record key stroke procedures, including status, timing, complications, reasons, and context."/><isExample value="false"/><groupingId value="-str-profile"/></resource><resource><extension url="http://hl7.org/fhir/tools/StructureDefinition/resource-sort"><valueInteger value="999999999"/></extension><extension url="http://hl7.org/fhir/StructureDefinition/implementationguide-page"><valueUri value="StructureDefinition-stroke-circumstance-observation-profile.html"/></extension><reference><reference value="StructureDefinition/stroke-circumstance-observation-profile"/></reference><name value="Stroke Circumstance Observation Profile (R5)"/><description value="Profile for recording findings about stroke onset circumstances (In-hospital, Wake-up)."/><isExample value="false"/><groupingId value="-str-profile"/></resource><resource><extension url="http://hl7.org/fhir/tools/StructureDefinition/resource-sort"><valueInteger value="999999999"/></extension><extension url="http://hl7.org/fhir/StructureDefinition/implementationguide-page"><valueUri value="StructureDefinition-stroke-diagnosis-condition-profile.html"/></extension><reference><reference value="StructureDefinition/stroke-diagnosis-condition-profile"/></reference><name value="Stroke Diagnosis Condition Profile"/><description value="Represents the final diagnosis of the current stroke event."/><isExample value="false"/><groupingId value="-str-profile"/></resource><resource><extension url="http://hl7.org/fhir/tools/StructureDefinition/resource-sort"><valueInteger value="999999999"/></extension><extension url="http://hl7.org/fhir/StructureDefinition/implementationguide-page"><valueUri value="StructureDefinition-stroke-risk-factor-condition-profile.html"/></extension><reference><reference value="StructureDefinition/stroke-risk-factor-condition-profile"/></reference><name value="Stroke Risk Factor Condition Profile"/><description value="Represents a known condition or risk factor relevant to stroke."/><isExample value="false"/><groupingId value="-str-profile"/></resource><resource><extension url="http://hl7.org/fhir/tools/StructureDefinition/resource-sort"><valueInteger value="999999999"/></extension><extension url="http://hl7.org/fhir/StructureDefinition/implementationguide-page"><valueUri value="StructureDefinition-stroke-swallow-procedure-profile.html"/></extension><reference><reference value="StructureDefinition/stroke-swallow-procedure-profile"/></reference><name value="Stroke Swallow Procedure Profile (R5)"/><description value="Procedure profile to record key stroke procedures, including status, timing, complications, reasons, and context."/><isExample value="false"/><groupingId value="-str-profile"/></resource><resource><extension url="http://hl7.org/fhir/tools/StructureDefinition/resource-sort"><valueInteger value="999999999"/></extension><extension url="http://hl7.org/fhir/StructureDefinition/implementationguide-page"><valueUri value="StructureDefinition-stroke-mechanical-procedure-profile.html"/></extension><reference><reference value="StructureDefinition/stroke-mechanical-procedure-profile"/></reference><name value="Stroke Thrombolysis Procedure Profile (R5)"/><description value="Procedure profile to record key stroke procedures, including status, timing, complications, reasons, and context."/><isExample value="false"/><groupingId value="-str-profile"/></resource><resource><extension url="http://hl7.org/fhir/tools/StructureDefinition/resource-sort"><valueInteger value="999999999"/></extension><extension url="http://hl7.org/fhir/StructureDefinition/implementationguide-page"><valueUri value="StructureDefinition-timing-metric-observation-profile.html"/></extension><reference><reference value="StructureDefinition/timing-metric-observation-profile"/></reference><name value="Stroke Timing Metric Observation Profile (R5)"/><description value="Profile for recording key process timing metrics (D2N, D2G)."/><isExample value="false"/><groupingId value="-str-profile"/></resource><resource><extension url="http://hl7.org/fhir/tools/StructureDefinition/resource-sort"><valueInteger value="999999999"/></extension><extension url="http://hl7.org/fhir/StructureDefinition/implementationguide-page"><valueUri value="StructureDefinition-vital-sign-observation-profile.html"/></extension><reference><reference value="StructureDefinition/vital-sign-observation-profile"/></reference><name value="Stroke Vital Sign Observation Profile (R5)"/><description value="Profile for recording key vital signs (Systolic/Diastolic BP) in stroke patients."/><isExample value="false"/><groupingId value="-str-profile"/></resource><resource><extension url="http://hl7.org/fhir/tools/StructureDefinition/resource-sort"><valueInteger value="999999999"/></extension><extension url="http://hl7.org/fhir/StructureDefinition/implementationguide-page"><valueUri value="StructureDefinition-discharge-department-service-ext.html"/></extension><reference><reference value="StructureDefinition/discharge-department-service-ext"/></reference><name value="Discharge Department/Service Extension"/><description value="Specifies the type of department or service the patient was discharged or transferred to."/><isExample value="false"/><groupingId value="-str-extension"/></resource><resource><extension url="http://hl7.org/fhir/tools/StructureDefinition/resource-sort"><valueInteger value="999999999"/></extension><extension url="http://hl7.org/fhir/StructureDefinition/implementationguide-page"><valueUri value="StructureDefinition-gender-snomed-ext.html"/></extension><reference><reference value="StructureDefinition/gender-snomed-ext"/></reference><name value="Gender (SNOMED CT)"/><description value="Patient gender represented with SNOMED CT codes."/><isExample value="false"/><groupingId value="-str-extension"/></resource><resource><extension url="http://hl7.org/fhir/tools/StructureDefinition/resource-sort"><valueInteger value="999999999"/></extension><extension url="http://hl7.org/fhir/StructureDefinition/implementationguide-page"><valueUri value="StructureDefinition-hemorrhagic-stroke-bleeding-reason-ext.html"/></extension><reference><reference value="StructureDefinition/hemorrhagic-stroke-bleeding-reason-ext"/></reference><name value="HemorrhagicStrokeBleedingReasonExt"/><isExample value="false"/><groupingId value="-str-extension"/></resource><resource><extension url="http://hl7.org/fhir/tools/StructureDefinition/resource-sort"><valueInteger value="999999999"/></extension><extension url="http://hl7.org/fhir/StructureDefinition/implementationguide-page"><valueUri value="StructureDefinition-observation-timing-context-ext.html"/></extension><reference><reference value="StructureDefinition/observation-timing-context-ext"/></reference><name value="Observation Timing Context Extension"/><description value="Specifies the timing context or phase (e.g., pre-stroke, admission, discharge, 3-month) in which an observation or assessment was made."/><isExample value="false"/><groupingId value="-str-extension"/></resource><resource><extension url="http://hl7.org/fhir/tools/StructureDefinition/resource-sort"><valueInteger value="999999999"/></extension><extension url="http://hl7.org/fhir/StructureDefinition/implementationguide-page"><valueUri value="StructureDefinition-onset-date-ext.html"/></extension><reference><reference value="StructureDefinition/onset-date-ext"/></reference><name value="OnsetDateExt"/><isExample value="false"/><groupingId value="-str-extension"/></resource><resource><extension url="http://hl7.org/fhir/tools/StructureDefinition/resource-sort"><valueInteger value="999999999"/></extension><extension url="http://hl7.org/fhir/StructureDefinition/implementationguide-page"><valueUri value="StructureDefinition-onset-time-ext.html"/></extension><reference><reference value="StructureDefinition/onset-time-ext"/></reference><name value="OnsetTimeExt"/><isExample value="false"/><groupingId value="-str-extension"/></resource><resource><extension url="http://hl7.org/fhir/tools/StructureDefinition/resource-sort"><valueInteger value="999999999"/></extension><extension url="http://hl7.org/fhir/StructureDefinition/implementationguide-page"><valueUri value="StructureDefinition-patient-age-ext.html"/></extension><reference><reference value="StructureDefinition/patient-age-ext"/></reference><name value="Patient Age (integer)"/><description value="Patient age in years represented as an integer."/><isExample value="false"/><groupingId value="-str-extension"/></resource><resource><extension url="http://hl7.org/fhir/tools/StructureDefinition/resource-sort"><valueInteger value="999999999"/></extension><extension url="http://hl7.org/fhir/StructureDefinition/implementationguide-page"><valueUri value="StructureDefinition-procedure-timing-context-ext.html"/></extension><reference><reference value="StructureDefinition/procedure-timing-context-ext"/></reference><name value="Procedure Timing Context Extension"/><description value="Specifies the timing phase (e.g., acute, post-acute) in which the procedure was performed relative to the start of the encounter."/><isExample value="false"/><groupingId value="-str-extension"/></resource><resource><extension url="http://hl7.org/fhir/tools/StructureDefinition/resource-sort"><valueInteger value="999999999"/></extension><extension url="http://hl7.org/fhir/StructureDefinition/implementationguide-page"><valueUri value="StructureDefinition-required-post-acute-care-ext.html"/></extension><reference><reference value="StructureDefinition/required-post-acute-care-ext"/></reference><name value="Required Post-Acute Care Extension"/><description value="Indicates whether the patient required hospitalization beyond 24 hours after the designated acute phase of stroke care for this encounter."/><isExample value="false"/><groupingId value="-str-extension"/></resource><resource><extension url="http://hl7.org/fhir/tools/StructureDefinition/resource-sort"><valueInteger value="999999999"/></extension><extension url="http://hl7.org/fhir/StructureDefinition/implementationguide-page"><valueUri value="StructureDefinition-ischemic-stroke-etiology-ext.html"/></extension><reference><reference value="StructureDefinition/ischemic-stroke-etiology-ext"/></reference><name value="StrokeStrokeEtiologyExt"/><isExample value="false"/><groupingId value="-str-extension"/></resource><resource><extension url="http://hl7.org/fhir/tools/StructureDefinition/resource-sort"><valueInteger value="999999999"/></extension><extension url="http://hl7.org/fhir/StructureDefinition/implementationguide-page"><valueUri value="StructureDefinition-swallowing-screening-timing-category-ext.html"/></extension><reference><reference value="StructureDefinition/swallowing-screening-timing-category-ext"/></reference><name value="Swallowing Screening Timing Category"/><description value="Temporal category relative to stroke onset in which the swallowing screening was performed."/><isExample value="false"/><groupingId value="-str-extension"/></resource><resource><extension url="http://hl7.org/fhir/tools/StructureDefinition/resource-sort"><valueInteger value="999999999"/></extension><extension url="http://hl7.org/fhir/StructureDefinition/implementationguide-page"><valueUri value="ValueSet-admission-source-vs.html"/></extension><reference><reference value="ValueSet/admission-source-vs"/></reference><name value="Admission Sources ValueSet"/><description value="Defines the modes of transport or pathways by which the patient arrived."/><isExample value="false"/><groupingId value="-term-valueset"/></resource><resource><extension url="http://hl7.org/fhir/tools/StructureDefinition/resource-sort"><valueInteger value="999999999"/></extension><extension url="http://hl7.org/fhir/StructureDefinition/implementationguide-page"><valueUri value="ValueSet-assessment-context-vs.html"/></extension><reference><reference value="ValueSet/assessment-context-vs"/></reference><name value="Assessment Context ValueSet"/><description value="ValueSet for assessment context codes (e.g., timing of functional scores)."/><isExample value="false"/><groupingId value="-term-valueset"/></resource><resource><extension url="http://hl7.org/fhir/tools/StructureDefinition/resource-sort"><valueInteger value="999999999"/></extension><extension url="http://hl7.org/fhir/StructureDefinition/implementationguide-page"><valueUri value="ValueSet-afib-flutter-status-vs.html"/></extension><reference><reference value="ValueSet/afib-flutter-status-vs"/></reference><name value="Atrial Fibrillation or Flutter Status ValueSet"/><description value="ValueSet for the status of Atrial Fibrillation or Flutter assessment."/><isExample value="false"/><groupingId value="-term-valueset"/></resource><resource><extension url="http://hl7.org/fhir/tools/StructureDefinition/resource-sort"><valueInteger value="999999999"/></extension><extension url="http://hl7.org/fhir/StructureDefinition/implementationguide-page"><valueUri value="ValueSet-brain-imaging-modality-vs.html"/></extension><reference><reference value="ValueSet/brain-imaging-modality-vs"/></reference><name value="Brain Imaging Modality ValueSet"/><description value="Defines the SNOMED CT codes for individual brain imaging modalities performed as procedures."/><isExample value="false"/><groupingId value="-term-valueset"/></resource><resource><extension url="http://hl7.org/fhir/tools/StructureDefinition/resource-sort"><valueInteger value="999999999"/></extension><extension url="http://hl7.org/fhir/StructureDefinition/implementationguide-page"><valueUri value="ValueSet-carotid-imaging-modality-vs.html"/></extension><reference><reference value="ValueSet/carotid-imaging-modality-vs"/></reference><name value="Carotid Arteries Imaging Modality ValueSet"/><description value="Defines codes for different types of carotid artery imaging."/><isExample value="false"/><groupingId value="-term-valueset"/></resource><resource><extension url="http://hl7.org/fhir/tools/StructureDefinition/resource-sort"><valueInteger value="999999999"/></extension><extension url="http://hl7.org/fhir/StructureDefinition/implementationguide-page"><valueUri value="ValueSet-discharge-dept-vs.html"/></extension><reference><reference value="ValueSet/discharge-dept-vs"/></reference><name value="Discharge Department/Service ValueSet"/><description value="ValueSet specifying the type of department or service the patient was discharged or transferred to."/><isExample value="false"/><groupingId value="-term-valueset"/></resource><resource><extension url="http://hl7.org/fhir/tools/StructureDefinition/resource-sort"><valueInteger value="999999999"/></extension><extension url="http://hl7.org/fhir/StructureDefinition/implementationguide-page"><valueUri value="ValueSet-discharge-destination-vs.html"/></extension><reference><reference value="ValueSet/discharge-destination-vs"/></reference><name value="Discharge Destination ValueSet"/><description value="Defines possible patient discharge destinations."/><isExample value="false"/><groupingId value="-term-valueset"/></resource><resource><extension url="http://hl7.org/fhir/tools/StructureDefinition/resource-sort"><valueInteger value="999999999"/></extension><extension url="http://hl7.org/fhir/StructureDefinition/implementationguide-page"><valueUri value="ValueSet-vs-gender-snomed.html"/></extension><reference><reference value="ValueSet/vs-gender-snomed"/></reference><name value="Gender (SNOMED CT)"/><description value="Value set to represent patient gender using SNOMED CT codes, analogous to AdministrativeGender."/><isExample value="false"/><groupingId value="-term-valueset"/></resource><resource><extension url="http://hl7.org/fhir/tools/StructureDefinition/resource-sort"><valueInteger value="999999999"/></extension><extension url="http://hl7.org/fhir/StructureDefinition/implementationguide-page"><valueUri value="ValueSet-hemorrhagic-stroke-bleeding-reason-vs.html"/></extension><reference><reference value="ValueSet/hemorrhagic-stroke-bleeding-reason-vs"/></reference><name value="Hemorrhagic Stroke Bleeding Reason ValueSet"/><description value="Specifies the identified cause of a hemorrhagic stroke, typically used with an extension."/><isExample value="false"/><groupingId value="-term-valueset"/></resource><resource><extension url="http://hl7.org/fhir/tools/StructureDefinition/resource-sort"><valueInteger value="999999999"/></extension><extension url="http://hl7.org/fhir/StructureDefinition/implementationguide-page"><valueUri value="ValueSet-initial-care-intensity-vs.html"/></extension><reference><reference value="ValueSet/initial-care-intensity-vs"/></reference><name value="Initial Care Intensity ValueSet"/><description value="ValueSet indicating the level of care provided initially."/><isExample value="false"/><groupingId value="-term-valueset"/></resource><resource><extension url="http://hl7.org/fhir/tools/StructureDefinition/resource-sort"><valueInteger value="999999999"/></extension><extension url="http://hl7.org/fhir/StructureDefinition/implementationguide-page"><valueUri value="ValueSet-medicationStatement-meds-codes-vs.html"/></extension><reference><reference value="ValueSet/medicationStatement-meds-codes-vs"/></reference><name value="MedicationStatement Therapy/Finding Codes"/><description value="ValueSet containing SNOMED CT codes representing various medication-related procedures and findings (e.g., therapies, administration procedures, findings about use)."/><isExample value="false"/><groupingId value="-term-valueset"/></resource><resource><extension url="http://hl7.org/fhir/tools/StructureDefinition/resource-sort"><valueInteger value="999999999"/></extension><extension url="http://hl7.org/fhir/StructureDefinition/implementationguide-page"><valueUri value="ValueSet-discharge-medication-vs.html"/></extension><reference><reference value="ValueSet/discharge-medication-vs"/></reference><name value="Medications ValueSet"/><description value="Codes for drug products or substances representing the Medications on the patient discharge."/><isExample value="false"/><groupingId value="-term-valueset"/></resource><resource><extension url="http://hl7.org/fhir/tools/StructureDefinition/resource-sort"><valueInteger value="999999999"/></extension><extension url="http://hl7.org/fhir/StructureDefinition/implementationguide-page"><valueUri value="ValueSet-perforation-procedures-vs.html"/></extension><reference><reference value="ValueSet/perforation-procedures-vs"/></reference><name value="Perforation Procedures ValueSet"/><description value="ValueSet containing SNOMED CT codes representing a range of perforation procedures."/><isExample value="false"/><groupingId value="-term-valueset"/></resource><resource><extension url="http://hl7.org/fhir/tools/StructureDefinition/resource-sort"><valueInteger value="999999999"/></extension><extension url="http://hl7.org/fhir/StructureDefinition/implementationguide-page"><valueUri value="ValueSet-procedure-timing-context-vs.html"/></extension><reference><reference value="ValueSet/procedure-timing-context-vs"/></reference><name value="Procedure Timing Context ValueSet"/><description value="ValueSet for codes defining the timing phase of a procedure relative to the encounter start."/><isExample value="false"/><groupingId value="-term-valueset"/></resource><resource><extension url="http://hl7.org/fhir/tools/StructureDefinition/resource-sort"><valueInteger value="999999999"/></extension><extension url="http://hl7.org/fhir/StructureDefinition/implementationguide-page"><valueUri value="ValueSet-specific-finding-codes-vs.html"/></extension><reference><reference value="ValueSet/specific-finding-codes-vs"/></reference><name value="Specific Stroke Finding Codes ValueSet"/><description value="Codes for specific clinical findings relevant to stroke (Afib/Flutter status, mTICI score)."/><isExample value="false"/><groupingId value="-term-valueset"/></resource><resource><extension url="http://hl7.org/fhir/tools/StructureDefinition/resource-sort"><valueInteger value="999999999"/></extension><extension url="http://hl7.org/fhir/StructureDefinition/implementationguide-page"><valueUri value="ValueSet-stroke-finding-codes-vs.html"/></extension><reference><reference value="ValueSet/stroke-finding-codes-vs"/></reference><name value="Specific Stroke Finding Codes ValueSet"/><description value="ValueSet for specific coded findings like Afib/Flutter status or mTICI score."/><isExample value="false"/><groupingId value="-term-valueset"/></resource><resource><extension url="http://hl7.org/fhir/tools/StructureDefinition/resource-sort"><valueInteger value="999999999"/></extension><extension url="http://hl7.org/fhir/StructureDefinition/implementationguide-page"><valueUri value="ValueSet-stroke-arrival-mode-vs.html"/></extension><reference><reference value="ValueSet/stroke-arrival-mode-vs"/></reference><name value="Stroke Arrival Mode ValueSet"/><description value="ValueSet specifying the mode and origin of the patient's arrival."/><isExample value="false"/><groupingId value="-term-valueset"/></resource><resource><extension url="http://hl7.org/fhir/tools/StructureDefinition/resource-sort"><valueInteger value="999999999"/></extension><extension url="http://hl7.org/fhir/StructureDefinition/implementationguide-page"><valueUri value="ValueSet-stroke-circumstance-codes-vs.html"/></extension><reference><reference value="ValueSet/stroke-circumstance-codes-vs"/></reference><name value="Stroke Circumstance Codes ValueSet"/><description value="Codes for findings related to the circumstances of stroke onset (In-hospital, Wake-up)."/><isExample value="false"/><groupingId value="-term-valueset"/></resource><resource><extension url="http://hl7.org/fhir/tools/StructureDefinition/resource-sort"><valueInteger value="999999999"/></extension><extension url="http://hl7.org/fhir/StructureDefinition/implementationguide-page"><valueUri value="ValueSet-stroke-discharge-destination-vs.html"/></extension><reference><reference value="ValueSet/stroke-discharge-destination-vs"/></reference><name value="Stroke Discharge Destination ValueSet"/><description value="Defines the possible destinations of the patient upon discharge from the encounter."/><isExample value="false"/><groupingId value="-term-valueset"/></resource><resource><extension url="http://hl7.org/fhir/tools/StructureDefinition/resource-sort"><valueInteger value="999999999"/></extension><extension url="http://hl7.org/fhir/StructureDefinition/implementationguide-page"><valueUri value="ValueSet-stroke-etiology-vs.html"/></extension><reference><reference value="ValueSet/stroke-etiology-vs"/></reference><name value="Stroke Etiology ValueSet"/><description value="Specifies the determined etiology of an stroke."/><isExample value="false"/><groupingId value="-term-valueset"/></resource><resource><extension url="http://hl7.org/fhir/tools/StructureDefinition/resource-sort"><valueInteger value="999999999"/></extension><extension url="http://hl7.org/fhir/StructureDefinition/implementationguide-page"><valueUri value="ValueSet-functional-score-codes-vs.html"/></extension><reference><reference value="ValueSet/functional-score-codes-vs"/></reference><name value="Stroke Functional Score Codes ValueSet"/><description value="Codes for key functional scores used in stroke (mRS, NIHSS)."/><isExample value="false"/><groupingId value="-term-valueset"/></resource><resource><extension url="http://hl7.org/fhir/tools/StructureDefinition/resource-sort"><valueInteger value="999999999"/></extension><extension url="http://hl7.org/fhir/StructureDefinition/implementationguide-page"><valueUri value="ValueSet-stroke-proc-not-done-reason-vs.html"/></extension><reference><reference value="ValueSet/stroke-proc-not-done-reason-vs"/></reference><name value="Stroke Procedure Not Done Reason ValueSet"/><description value="ValueSet containing specific codes to indicate why thrombolysis or thrombectomy was not performed."/><isExample value="false"/><groupingId value="-term-valueset"/></resource><resource><extension url="http://hl7.org/fhir/tools/StructureDefinition/resource-sort"><valueInteger value="999999999"/></extension><extension url="http://hl7.org/fhir/StructureDefinition/implementationguide-page"><valueUri value="ValueSet-stroke-risk-factor-snomed-vs.html"/></extension><reference><reference value="ValueSet/stroke-risk-factor-snomed-vs"/></reference><name value="Stroke Risk Factor ValueSet"/><description value="Defines the SNOMED CT codes for conditions or risk factors relevant to stroke."/><isExample value="false"/><groupingId value="-term-valueset"/></resource><resource><extension url="http://hl7.org/fhir/tools/StructureDefinition/resource-sort"><valueInteger value="999999999"/></extension><extension url="http://hl7.org/fhir/StructureDefinition/implementationguide-page"><valueUri value="ValueSet-stroke-risk-factor-vs.html"/></extension><reference><reference value="ValueSet/stroke-risk-factor-vs"/></reference><name value="Stroke Risk Factor ValueSet"/><description value="Defines the SNOMED CT codes for conditions or risk factors relevant to stroke, including an option for unknown status."/><isExample value="false"/><groupingId value="-term-valueset"/></resource><resource><extension url="http://hl7.org/fhir/tools/StructureDefinition/resource-sort"><valueInteger value="999999999"/></extension><extension url="http://hl7.org/fhir/StructureDefinition/implementationguide-page"><valueUri value="ValueSet-timing-metric-codes-vs.html"/></extension><reference><reference value="ValueSet/timing-metric-codes-vs"/></reference><name value="Stroke Timing Metric Codes ValueSet"/><description value="ValueSet for key process timing metrics in acute stroke care (D2N, D2G)."/><isExample value="false"/><groupingId value="-term-valueset"/></resource><resource><extension url="http://hl7.org/fhir/tools/StructureDefinition/resource-sort"><valueInteger value="999999999"/></extension><extension url="http://hl7.org/fhir/StructureDefinition/implementationguide-page"><valueUri value="ValueSet-vital-sign-codes-vs.html"/></extension><reference><reference value="ValueSet/vital-sign-codes-vs"/></reference><name value="Stroke Vital Sign Codes ValueSet"/><description value="Codes for key vital signs relevant to stroke assessment (Systolic, Diastolic BP)."/><isExample value="false"/><groupingId value="-term-valueset"/></resource><resource><extension url="http://hl7.org/fhir/tools/StructureDefinition/resource-sort"><valueInteger value="999999999"/></extension><extension url="http://hl7.org/fhir/StructureDefinition/implementationguide-page"><valueUri value="ValueSet-swallow-procedures-vs.html"/></extension><reference><reference value="ValueSet/swallow-procedures-vs"/></reference><name value="Swallow Procedures ValueSet"/><description value="ValueSet containing SNOMED CT codes representing a range of procedures used in the evaluation and management of stroke patients."/><isExample value="false"/><groupingId value="-term-valueset"/></resource><resource><extension url="http://hl7.org/fhir/tools/StructureDefinition/resource-sort"><valueInteger value="999999999"/></extension><extension url="http://hl7.org/fhir/StructureDefinition/implementationguide-page"><valueUri value="ValueSet-swallowing-screening-timing-category-vs.html"/></extension><reference><reference value="ValueSet/swallowing-screening-timing-category-vs"/></reference><name value="Swallowing Screening Timing Category ValueSet"/><description value="Temporal categories relative to stroke onset for swallowing screening."/><isExample value="false"/><groupingId value="-term-valueset"/></resource><resource><extension url="http://hl7.org/fhir/tools/StructureDefinition/resource-sort"><valueInteger value="999999999"/></extension><extension url="http://hl7.org/fhir/StructureDefinition/implementationguide-page"><valueUri value="ValueSet-thrombectomy-complication-vs.html"/></extension><reference><reference value="ValueSet/thrombectomy-complication-vs"/></reference><name value="Thrombectomy Complication ValueSet"/><description value="Defines the specific complications of thrombectomy to record."/><isExample value="false"/><groupingId value="-term-valueset"/></resource><resource><extension url="http://hl7.org/fhir/tools/StructureDefinition/resource-sort"><valueInteger value="999999999"/></extension><extension url="http://hl7.org/fhir/StructureDefinition/implementationguide-page"><valueUri value="ValueSet-mtici-code-vs.html"/></extension><reference><reference value="ValueSet/mtici-code-vs"/></reference><name value="mTICI Score Codes ValueSet"/><description value="ValueSet containing the codes to represent the mTICI score used to assess the degree of reperfusion after a thrombectomy procedure."/><isExample value="false"/><groupingId value="-term-valueset"/></resource><resource><extension url="http://hl7.org/fhir/tools/StructureDefinition/resource-sort"><valueInteger value="999999999"/></extension><extension url="http://hl7.org/fhir/StructureDefinition/implementationguide-page"><valueUri value="ValueSet-mtici-score-vs.html"/></extension><reference><reference value="ValueSet/mtici-score-vs"/></reference><name value="mTICI Score ValueSet"/><description value="ValueSet containing the codes to represent the mTICI score used to assess the degree of reperfusion after a thrombectomy procedure."/><isExample value="false"/><groupingId value="-term-valueset"/></resource><resource><extension url="http://hl7.org/fhir/tools/StructureDefinition/resource-sort"><valueInteger value="999999999"/></extension><extension url="http://hl7.org/fhir/StructureDefinition/implementationguide-page"><valueUri value="ValueSet-mrs-score-vs.html"/></extension><reference><reference value="ValueSet/mrs-score-vs"/></reference><name value="modified Rankin Scale (mRS) Score ValueSet"/><description value="ValueSet containing the codes for the modified Rankin Scale (mRS) score."/><isExample value="false"/><groupingId value="-term-valueset"/></resource><resource><extension url="http://hl7.org/fhir/tools/StructureDefinition/resource-sort"><valueInteger value="999999999"/></extension><extension url="http://hl7.org/fhir/StructureDefinition/implementationguide-page"><valueUri value="CodeSystem-assessment-context-cs.html"/></extension><reference><reference value="CodeSystem/assessment-context-cs"/></reference><name value="Assessment Context Code System"/><description value="Codes defining the context or timing of a clinical assessment, particularly functional scores."/><isExample value="false"/><groupingId value="-term-codesystem"/></resource><resource><extension url="http://hl7.org/fhir/tools/StructureDefinition/resource-sort"><valueInteger value="999999999"/></extension><extension url="http://hl7.org/fhir/StructureDefinition/implementationguide-page"><valueUri value="CodeSystem-brain-imaging-type-cs.html"/></extension><reference><reference value="CodeSystem/brain-imaging-type-cs"/></reference><name value="Brain Imaging Type Code System"/><description value="Codes specifying the type of brain imaging performed (e.g., CT, MRI)."/><isExample value="false"/><groupingId value="-term-codesystem"/></resource><resource><extension url="http://hl7.org/fhir/tools/StructureDefinition/resource-sort"><valueInteger value="999999999"/></extension><extension url="http://hl7.org/fhir/StructureDefinition/implementationguide-page"><valueUri value="CodeSystem-discharge-dept-cs.html"/></extension><reference><reference value="CodeSystem/discharge-dept-cs"/></reference><name value="Discharge Department/Service Code System"/><description value="Code system specifying the type of department or service the patient was discharged or transferred to."/><isExample value="false"/><groupingId value="-term-codesystem"/></resource><resource><extension url="http://hl7.org/fhir/tools/StructureDefinition/resource-sort"><valueInteger value="999999999"/></extension><extension url="http://hl7.org/fhir/StructureDefinition/implementationguide-page"><valueUri value="CodeSystem-hemorrhagic-stroke-bleeding-reason-cs.html"/></extension><reference><reference value="CodeSystem/hemorrhagic-stroke-bleeding-reason-cs"/></reference><name value="Hemorrhagic Stroke Bleeding Reason Code System"/><description value="Codes indicating the reason for bleeding in hemorrhagic stroke cases."/><isExample value="false"/><groupingId value="-term-codesystem"/></resource><resource><extension url="http://hl7.org/fhir/tools/StructureDefinition/resource-sort"><valueInteger value="999999999"/></extension><extension url="http://hl7.org/fhir/StructureDefinition/implementationguide-page"><valueUri value="CodeSystem-initial-care-intensity-cs.html"/></extension><reference><reference value="CodeSystem/initial-care-intensity-cs"/></reference><name value="Initial Care Intensity Code System"/><description value="Codes indicating the level of care provided during the patient's initial day(s) in the hospital."/><isExample value="false"/><groupingId value="-term-codesystem"/></resource><resource><extension url="http://hl7.org/fhir/tools/StructureDefinition/resource-sort"><valueInteger value="999999999"/></extension><extension url="http://hl7.org/fhir/StructureDefinition/implementationguide-page"><valueUri value="CodeSystem-stroke-arrival-mode-cs.html"/></extension><reference><reference value="CodeSystem/stroke-arrival-mode-cs"/></reference><name value="Initial Care Intensity Code System"/><description value="Codes indicating the level of care provided during the patient's initial day(s) in the hospital."/><isExample value="false"/><groupingId value="-term-codesystem"/></resource><resource><extension url="http://hl7.org/fhir/tools/StructureDefinition/resource-sort"><valueInteger value="999999999"/></extension><extension url="http://hl7.org/fhir/StructureDefinition/implementationguide-page"><valueUri value="CodeSystem-medication-statement-cs.html"/></extension><reference><reference value="CodeSystem/medication-statement-cs"/></reference><name value="MedicationStatement CodeSystem"/><description value="Codes representing various medication-related procedures and findings (e.g., therapies, administration procedures, findings about use)."/><isExample value="false"/><groupingId value="-term-codesystem"/></resource><resource><extension url="http://hl7.org/fhir/tools/StructureDefinition/resource-sort"><valueInteger value="999999999"/></extension><extension url="http://hl7.org/fhir/StructureDefinition/implementationguide-page"><valueUri value="CodeSystem-discharge-medication-cs.html"/></extension><reference><reference value="CodeSystem/discharge-medication-cs"/></reference><name value="Medications CodeSystem"/><description value="Codes for drug products or substances representing the Medications on the patient discharge."/><isExample value="false"/><groupingId value="-term-codesystem"/></resource><resource><extension url="http://hl7.org/fhir/tools/StructureDefinition/resource-sort"><valueInteger value="999999999"/></extension><extension url="http://hl7.org/fhir/StructureDefinition/implementationguide-page"><valueUri value="CodeSystem-procedure-timing-context-cs.html"/></extension><reference><reference value="CodeSystem/procedure-timing-context-cs"/></reference><name value="Procedure Timing Context Code System"/><description value="Codes defining the timing phase of a procedure relative to the encounter start (e.g., acute vs. post-acute)."/><isExample value="false"/><groupingId value="-term-codesystem"/></resource><resource><extension url="http://hl7.org/fhir/tools/StructureDefinition/resource-sort"><valueInteger value="999999999"/></extension><extension url="http://hl7.org/fhir/StructureDefinition/implementationguide-page"><valueUri value="CodeSystem-stroke-circumstance-codes-cs.html"/></extension><reference><reference value="CodeSystem/stroke-circumstance-codes-cs"/></reference><name value="Stroke Circumstance Codes CodeSystem"/><description value="Codes for findings related to the circumstances of stroke onset (In-hospital, Wake-up)."/><isExample value="false"/><groupingId value="-term-codesystem"/></resource><resource><extension url="http://hl7.org/fhir/tools/StructureDefinition/resource-sort"><valueInteger value="999999999"/></extension><extension url="http://hl7.org/fhir/StructureDefinition/implementationguide-page"><valueUri value="CodeSystem-stroke-discharge-destination-cs.html"/></extension><reference><reference value="CodeSystem/stroke-discharge-destination-cs"/></reference><name value="Stroke Discharge Destination Code System"/><description value="Codes indicating the possible destinations of the patient upon discharge from the encounter."/><isExample value="false"/><groupingId value="-term-codesystem"/></resource><resource><extension url="http://hl7.org/fhir/tools/StructureDefinition/resource-sort"><valueInteger value="999999999"/></extension><extension url="http://hl7.org/fhir/StructureDefinition/implementationguide-page"><valueUri value="CodeSystem-stroke-etiology-cs.html"/></extension><reference><reference value="CodeSystem/stroke-etiology-cs"/></reference><name value="Stroke Etiology Code System"/><description value="Codes indicating the etiology of strokes."/><isExample value="false"/><groupingId value="-term-codesystem"/></resource><resource><extension url="http://hl7.org/fhir/tools/StructureDefinition/resource-sort"><valueInteger value="999999999"/></extension><extension url="http://hl7.org/fhir/StructureDefinition/implementationguide-page"><valueUri value="CodeSystem-stroke-proc-not-done-reason-cs.html"/></extension><reference><reference value="CodeSystem/stroke-proc-not-done-reason-cs"/></reference><name value="Stroke Procedure Not Done Reason Code System"/><description value="Codes specifying the reason principal for not performing a key stroke procedure (Thrombolysis, Thrombectomy)."/><isExample value="false"/><groupingId value="-term-codesystem"/></resource><resource><extension url="http://hl7.org/fhir/tools/StructureDefinition/resource-sort"><valueInteger value="999999999"/></extension><extension url="http://hl7.org/fhir/StructureDefinition/implementationguide-page"><valueUri value="CodeSystem-timing-metric-codes-cs.html"/></extension><reference><reference value="CodeSystem/timing-metric-codes-cs"/></reference><name value="Stroke Timing Metric Codes ValueSet"/><description value="Codes for key process timing metrics in acute stroke care (D2N, D2G)."/><isExample value="false"/><groupingId value="-term-codesystem"/></resource><resource><extension url="http://hl7.org/fhir/tools/StructureDefinition/resource-sort"><valueInteger value="999999999"/></extension><extension url="http://hl7.org/fhir/StructureDefinition/implementationguide-page"><valueUri value="CodeSystem-swallow-procedures-cs.html"/></extension><reference><reference value="CodeSystem/swallow-procedures-cs"/></reference><name value="Swallow Procedures Code System"/><description value="Codes representing various swallowing assessment procedures."/><isExample value="false"/><groupingId value="-term-codesystem"/></resource><resource><extension url="http://hl7.org/fhir/tools/StructureDefinition/resource-sort"><valueInteger value="999999999"/></extension><extension url="http://hl7.org/fhir/StructureDefinition/implementationguide-page"><valueUri value="CodeSystem-swallow-screen-time-cs.html"/></extension><reference><reference value="CodeSystem/swallow-screen-time-cs"/></reference><name value="Swallowing Screening Timing Category Code System"/><description value="Temporal categories relative to stroke onset for swallowing screening."/><isExample value="false"/><groupingId value="-term-codesystem"/></resource><resource><extension url="http://hl7.org/fhir/tools/StructureDefinition/resource-sort"><valueInteger value="999999999"/></extension><extension url="http://hl7.org/fhir/StructureDefinition/implementationguide-page"><valueUri value="CodeSystem-thrombectomy-complication-cs.html"/></extension><reference><reference value="CodeSystem/thrombectomy-complication-cs"/></reference><name value="Thrombectomy Complication Code System"/><description value="Codes specifying the specific complications of thrombectomy to record."/><isExample value="false"/><groupingId value="-term-codesystem"/></resource><resource><extension url="http://hl7.org/fhir/tools/StructureDefinition/resource-sort"><valueInteger value="999999999"/></extension><extension url="http://hl7.org/fhir/StructureDefinition/implementationguide-page"><valueUri value="CodeSystem-mtici-code-cs.html"/></extension><reference><reference value="CodeSystem/mtici-code-cs"/></reference><name value="mTICI Score Codes CodeSystem"/><description value="Codes representing the mTICI score used to assess the degree of reperfusion after a thrombectomy procedure."/><isExample value="false"/><groupingId value="-term-codesystem"/></resource><resource><extension url="http://hl7.org/fhir/tools/StructureDefinition/resource-sort"><valueInteger value="999999999"/></extension><extension url="http://hl7.org/fhir/StructureDefinition/implementationguide-page"><valueUri value="CodeSystem-mrs-score-cs.html"/></extension><reference><reference value="CodeSystem/mrs-score-cs"/></reference><name value="modified Rankin Scale (mRS) Score Code System"/><description value="Codes representing the modified Rankin Scale (mRS) score for functional outcome."/><isExample value="false"/><groupingId value="-term-codesystem"/></resource><resource><extension url="http://hl7.org/fhir/tools/StructureDefinition/resource-sort"><valueInteger value="999999999"/></extension><extension url="http://hl7.org/fhir/StructureDefinition/implementationguide-page"><valueUri value="Observation-AgeAtOnsetObservationExample.html"/></extension><reference><reference value="Observation/AgeAtOnsetObservationExample"/></reference><name value="AgeAtOnsetObservationExample"/><isExample value="true"/><profile value="http://testSK.org/StructureDefinition/age-at-onset-observation-profile"/><groupingId value="-ex-example"/></resource><resource><extension url="http://hl7.org/fhir/tools/StructureDefinition/resource-sort"><valueInteger value="999999999"/></extension><extension url="http://hl7.org/fhir/StructureDefinition/implementationguide-page"><valueUri value="MedicationRequest-discharge-medication-request-001.html"/></extension><reference><reference value="MedicationRequest/discharge-medication-request-001"/></reference><name value="DischargeMedicationRequest"/><isExample value="true"/><profile value="http://testSK.org/StructureDefinition/discharge-medication-request-profile"/><groupingId value="-ex-example"/></resource><resource><extension url="http://hl7.org/fhir/tools/StructureDefinition/resource-sort"><valueInteger value="999999999"/></extension><extension url="http://hl7.org/fhir/StructureDefinition/implementationguide-page"><valueUri value="Provenance-ExampleEncounterProviderProvenance.html"/></extension><reference><reference value="Provenance/ExampleEncounterProviderProvenance"/></reference><name value="ExampleEncounterProviderProvenance"/><isExample value="true"/><profile value="http://testSK.org/StructureDefinition/encounter-provider-provenance"/><groupingId value="-ex-example"/></resource><resource><extension url="http://hl7.org/fhir/tools/StructureDefinition/resource-sort"><valueInteger value="999999999"/></extension><extension url="http://hl7.org/fhir/StructureDefinition/implementationguide-page"><valueUri value="Organization-ExampleOrganization.html"/></extension><reference><reference value="Organization/ExampleOrganization"/></reference><name value="ExampleOrganization"/><isExample value="true"/><groupingId value="-ex-example"/></resource><resource><extension url="http://hl7.org/fhir/tools/StructureDefinition/resource-sort"><valueInteger value="999999999"/></extension><extension url="http://hl7.org/fhir/StructureDefinition/implementationguide-page"><valueUri value="Observation-FunctionalScoreObservationExample.html"/></extension><reference><reference value="Observation/FunctionalScoreObservationExample"/></reference><name value="FunctionalScoreObservationExample"/><isExample value="true"/><profile value="http://testSK.org/StructureDefinition/functional-score-observation-profile"/><groupingId value="-ex-example"/></resource><resource><extension url="http://hl7.org/fhir/tools/StructureDefinition/resource-sort"><valueInteger value="999999999"/></extension><extension url="http://hl7.org/fhir/StructureDefinition/implementationguide-page"><valueUri value="Patient-PatientAgeGenderSnomedExample.html"/></extension><reference><reference value="Patient/PatientAgeGenderSnomedExample"/></reference><name value="PatientAgeGenderSnomedExample"/><isExample value="true"/><profile value="http://testSK.org/StructureDefinition/patient-age-gender-snomed-profile"/><groupingId value="-ex-example"/></resource><resource><extension url="http://hl7.org/fhir/tools/StructureDefinition/resource-sort"><valueInteger value="999999999"/></extension><extension url="http://hl7.org/fhir/StructureDefinition/implementationguide-page"><valueUri value="Patient-example-patient.html"/></extension><reference><reference value="Patient/example-patient"/></reference><name value="PatientExample"/><isExample value="true"/><groupingId value="-ex-example"/></resource><resource><extension url="http://hl7.org/fhir/tools/StructureDefinition/resource-sort"><valueInteger value="999999999"/></extension><extension url="http://hl7.org/fhir/StructureDefinition/implementationguide-page"><valueUri value="MedicationStatement-PriorMedicationStatementExample.html"/></extension><reference><reference value="MedicationStatement/PriorMedicationStatementExample"/></reference><name value="PriorMedicationStatementExample"/><isExample value="true"/><profile value="http://testSK.org/StructureDefinition/prior-medication-statement-profile"/><groupingId value="-ex-example"/></resource><resource><extension url="http://hl7.org/fhir/tools/StructureDefinition/resource-sort"><valueInteger value="999999999"/></extension><extension url="http://hl7.org/fhir/StructureDefinition/implementationguide-page"><valueUri value="Observation-SpecificFindingObservationExample.html"/></extension><reference><reference value="Observation/SpecificFindingObservationExample"/></reference><name value="SpecificFindingObservationExample"/><isExample value="true"/><profile value="http://testSK.org/StructureDefinition/specific-finding-observation-profile"/><groupingId value="-ex-example"/></resource><resource><extension url="http://hl7.org/fhir/tools/StructureDefinition/resource-sort"><valueInteger value="999999999"/></extension><extension url="http://hl7.org/fhir/StructureDefinition/implementationguide-page"><valueUri value="Observation-SpecificFindingObservationExampleMTICI.html"/></extension><reference><reference value="Observation/SpecificFindingObservationExampleMTICI"/></reference><name value="SpecificFindingObservationExampleMTICI"/><isExample value="true"/><profile value="http://testSK.org/StructureDefinition/specific-finding-observation-profile"/><groupingId value="-ex-example"/></resource><resource><extension url="http://hl7.org/fhir/tools/StructureDefinition/resource-sort"><valueInteger value="999999999"/></extension><extension url="http://hl7.org/fhir/StructureDefinition/implementationguide-page"><valueUri value="Procedure-StrokeBrainImagingExample.html"/></extension><reference><reference value="Procedure/StrokeBrainImagingExample"/></reference><name value="StrokeBrainImagingExample"/><isExample value="true"/><profile value="http://testSK.org/StructureDefinition/stroke-brain-imaging-procedure-profile"/><groupingId value="-ex-example"/></resource><resource><extension url="http://hl7.org/fhir/tools/StructureDefinition/resource-sort"><valueInteger value="999999999"/></extension><extension url="http://hl7.org/fhir/StructureDefinition/implementationguide-page"><valueUri value="Procedure-StrokeCarotidImagingExample.html"/></extension><reference><reference value="Procedure/StrokeCarotidImagingExample"/></reference><name value="StrokeCarotidImagingExample"/><isExample value="true"/><profile value="http://testSK.org/StructureDefinition/stroke-carotid-imaging-procedure-profile"/><groupingId value="-ex-example"/></resource><resource><extension url="http://hl7.org/fhir/tools/StructureDefinition/resource-sort"><valueInteger value="999999999"/></extension><extension url="http://hl7.org/fhir/StructureDefinition/implementationguide-page"><valueUri value="Observation-StrokeCircumstanceObservationExampleWakeUp.html"/></extension><reference><reference value="Observation/StrokeCircumstanceObservationExampleWakeUp"/></reference><name value="StrokeCircumstanceObservationExampleWakeUp"/><isExample value="true"/><profile value="http://testSK.org/StructureDefinition/stroke-circumstance-observation-profile"/><groupingId value="-ex-example"/></resource><resource><extension url="http://hl7.org/fhir/tools/StructureDefinition/resource-sort"><valueInteger value="999999999"/></extension><extension url="http://hl7.org/fhir/StructureDefinition/implementationguide-page"><valueUri value="Condition-StrokeDiagnosisConditionAFib.html"/></extension><reference><reference value="Condition/StrokeDiagnosisConditionAFib"/></reference><name value="StrokeDiagnosisConditionAFib"/><isExample value="true"/><profile value="http://testSK.org/StructureDefinition/stroke-risk-factor-condition-profile"/><groupingId value="-ex-example"/></resource><resource><extension url="http://hl7.org/fhir/tools/StructureDefinition/resource-sort"><valueInteger value="999999999"/></extension><extension url="http://hl7.org/fhir/StructureDefinition/implementationguide-page"><valueUri value="Condition-StrokeDiagnosisConditionAFlutter.html"/></extension><reference><reference value="Condition/StrokeDiagnosisConditionAFlutter"/></reference><name value="StrokeDiagnosisConditionAFlutter"/><isExample value="true"/><profile value="http://testSK.org/StructureDefinition/stroke-risk-factor-condition-profile"/><groupingId value="-ex-example"/></resource><resource><extension url="http://hl7.org/fhir/tools/StructureDefinition/resource-sort"><valueInteger value="999999999"/></extension><extension url="http://hl7.org/fhir/StructureDefinition/implementationguide-page"><valueUri value="Condition-StrokeDiagnosisConditionExample.html"/></extension><reference><reference value="Condition/StrokeDiagnosisConditionExample"/></reference><name value="StrokeDiagnosisConditionExample"/><isExample value="true"/><profile value="http://testSK.org/StructureDefinition/stroke-diagnosis-condition-profile"/><groupingId value="-ex-example"/></resource><resource><extension url="http://hl7.org/fhir/tools/StructureDefinition/resource-sort"><valueInteger value="999999999"/></extension><extension url="http://hl7.org/fhir/StructureDefinition/implementationguide-page"><valueUri value="Condition-StrokeRiskFactorConditionExample.html"/></extension><reference><reference value="Condition/StrokeRiskFactorConditionExample"/></reference><name value="StrokeRiskFactorConditionExample"/><isExample value="true"/><profile value="http://testSK.org/StructureDefinition/stroke-risk-factor-condition-profile"/><groupingId value="-ex-example"/></resource><resource><extension url="http://hl7.org/fhir/tools/StructureDefinition/resource-sort"><valueInteger value="999999999"/></extension><extension url="http://hl7.org/fhir/StructureDefinition/implementationguide-page"><valueUri value="Procedure-StrokeSwallowingExample.html"/></extension><reference><reference value="Procedure/StrokeSwallowingExample"/></reference><name value="StrokeSwallowingExample"/><isExample value="true"/><profile value="http://testSK.org/StructureDefinition/stroke-swallow-procedure-profile"/><groupingId value="-ex-example"/></resource><resource><extension url="http://hl7.org/fhir/tools/StructureDefinition/resource-sort"><valueInteger value="999999999"/></extension><extension url="http://hl7.org/fhir/StructureDefinition/implementationguide-page"><valueUri value="Procedure-StrokeThrombolysisExample.html"/></extension><reference><reference value="Procedure/StrokeThrombolysisExample"/></reference><name value="StrokeThrombolysisExample"/><isExample value="true"/><profile value="http://testSK.org/StructureDefinition/stroke-mechanical-procedure-profile"/><groupingId value="-ex-example"/></resource><resource><extension url="http://hl7.org/fhir/tools/StructureDefinition/resource-sort"><valueInteger value="999999999"/></extension><extension url="http://hl7.org/fhir/StructureDefinition/implementationguide-page"><valueUri value="Observation-TimingMetricObservationExample.html"/></extension><reference><reference value="Observation/TimingMetricObservationExample"/></reference><name value="TimingMetricObservationExample"/><isExample value="true"/><profile value="http://testSK.org/StructureDefinition/timing-metric-observation-profile"/><groupingId value="-ex-example"/></resource><page><sourceUrl value="toc.html"/><name value="toc.html"/><title value="Table of Contents"/><generation value="html"/><page><sourceUrl value="index.html"/><name value="index.html"/><title value="Home"/><generation value="markdown"/></page><page><sourceUrl value="conformance.html"/><name value="conformance.html"/><title value="Conformance"/><generation value="markdown"/></page><page><sourceUrl value="guidance.html"/><name value="guidance.html"/><title value="Guidance"/><generation value="markdown"/></page><page><sourceUrl value="profiles.html"/><name value="profiles.html"/><title value="Profiles"/><generation value="markdown"/></page><page><sourceUrl value="terminology.html"/><name value="terminology.html"/><title value="Terminology"/><generation value="markdown"/></page><page><sourceUrl value="downloads.html"/><name value="downloads.html"/><title value="Downloads"/><generation value="markdown"/></page><page><sourceUrl value="history.html"/><name value="history.html"/><title value="History"/><generation value="markdown"/></page><page><sourceUrl value="artifacts.html"/><name value="artifacts.html"/><title value="Artifacts Summary"/><generation value="html"/><page><sourceUrl value="StructureDefinition-prior-medication-statement-profile.html"/><name value="StructureDefinition-prior-medication-statement-profile.html"/><title value="Prior Medication Statement Profile (R5)"/><generation value="generated"/></page><page><sourceUrl value="StructureDefinition-stroke-encounter-profile.html"/><name value="StructureDefinition-stroke-encounter-profile.html"/><title value="Stroke Encounter Profile"/><generation value="generated"/></page><page><sourceUrl value="StructureDefinition-functional-score-observation-profile.html"/><name value="StructureDefinition-functional-score-observation-profile.html"/><title value="Stroke Functional Score Observation Profile (R5, Timing Ext)"/><generation value="generated"/></page><page><sourceUrl value="StructureDefinition-first-hospital-ext.html"/><name value="StructureDefinition-first-hospital-ext.html"/><title value="First Hospital Extension"/><generation value="generated"/></page><page><sourceUrl value="StructureDefinition-initial-care-intensity-ext.html"/><name value="StructureDefinition-initial-care-intensity-ext.html"/><title value="Initial Care Intensity Extension"/><generation value="generated"/></page><page><sourceUrl value="CodeSystem-mtici-score-cs.html"/><name value="CodeSystem-mtici-score-cs.html"/><title value="mTICI Score Code System"/><generation value="generated"/></page><page><sourceUrl value="ValueSet-stroke-diagnosis-vs.html"/><name value="ValueSet-stroke-diagnosis-vs.html"/><title value="Stroke Diagnosis ValueSet"/><generation value="generated"/></page><page><sourceUrl value="Encounter-StrokeEncounterExample.html"/><name value="Encounter-StrokeEncounterExample.html"/><title value="StrokeEncounterExample"/><generation value="generated"/></page><page><sourceUrl value="Observation-VitalSignObservationExample.html"/><name value="Observation-VitalSignObservationExample.html"/><title value="VitalSignObservationExample"/><generation value="generated"/></page><page><sourceUrl value="StructureDefinition-age-at-onset-observation-profile.html"/><name value="StructureDefinition-age-at-onset-observation-profile.html"/><title value="Age at Stroke Onset Observation Profile (R5)"/><generation value="generated"/></page><page><sourceUrl value="StructureDefinition-base-stroke-observation.html"/><name value="StructureDefinition-base-stroke-observation.html"/><title value="Base Profile for Stroke-Related Observations"/><generation value="generated"/></page><page><sourceUrl value="StructureDefinition-discharge-medication-request-profile.html"/><name value="StructureDefinition-discharge-medication-request-profile.html"/><title value="Discharge Medication Request Profile"/><generation value="generated"/></page><page><sourceUrl value="StructureDefinition-encounter-provider-provenance.html"/><name value="StructureDefinition-encounter-provider-provenance.html"/><title value="Encounter Provider Provenance Profile (R5)"/><generation value="generated"/></page><page><sourceUrl value="StructureDefinition-patient-age-gender-snomed-profile.html"/><name value="StructureDefinition-patient-age-gender-snomed-profile.html"/><title value="Patient with SNOMED Gender and Age (extensions)"/><generation value="generated"/></page><page><sourceUrl value="StructureDefinition-specific-finding-observation-profile.html"/><name value="StructureDefinition-specific-finding-observation-profile.html"/><title value="Specific Stroke Finding Observation Profile (R5)"/><generation value="generated"/></page><page><sourceUrl value="StructureDefinition-stroke-brain-imaging-procedure-profile.html"/><name value="StructureDefinition-stroke-brain-imaging-procedure-profile.html"/><title value="Stroke Brain Imaging Procedure Profile (R5)"/><generation value="generated"/></page><page><sourceUrl value="StructureDefinition-stroke-carotid-imaging-procedure-profile.html"/><name value="StructureDefinition-stroke-carotid-imaging-procedure-profile.html"/><title value="Stroke Carotid Imaging Procedure Profile (R5)"/><generation value="generated"/></page><page><sourceUrl value="StructureDefinition-stroke-circumstance-observation-profile.html"/><name value="StructureDefinition-stroke-circumstance-observation-profile.html"/><title value="Stroke Circumstance Observation Profile (R5)"/><generation value="generated"/></page><page><sourceUrl value="StructureDefinition-stroke-diagnosis-condition-profile.html"/><name value="StructureDefinition-stroke-diagnosis-condition-profile.html"/><title value="Stroke Diagnosis Condition Profile"/><generation value="generated"/></page><page><sourceUrl value="StructureDefinition-stroke-risk-factor-condition-profile.html"/><name value="StructureDefinition-stroke-risk-factor-condition-profile.html"/><title value="Stroke Risk Factor Condition Profile"/><generation value="generated"/></page><page><sourceUrl value="StructureDefinition-stroke-swallow-procedure-profile.html"/><name value="StructureDefinition-stroke-swallow-procedure-profile.html"/><title value="Stroke Swallow Procedure Profile (R5)"/><generation value="generated"/></page><page><sourceUrl value="StructureDefinition-stroke-mechanical-procedure-profile.html"/><name value="StructureDefinition-stroke-mechanical-procedure-profile.html"/><title value="Stroke Thrombolysis Procedure Profile (R5)"/><generation value="generated"/></page><page><sourceUrl value="StructureDefinition-timing-metric-observation-profile.html"/><name value="StructureDefinition-timing-metric-observation-profile.html"/><title value="Stroke Timing Metric Observation Profile (R5)"/><generation value="generated"/></page><page><sourceUrl value="StructureDefinition-vital-sign-observation-profile.html"/><name value="StructureDefinition-vital-sign-observation-profile.html"/><title value="Stroke Vital Sign Observation Profile (R5)"/><generation value="generated"/></page><page><sourceUrl value="StructureDefinition-discharge-department-service-ext.html"/><name value="StructureDefinition-discharge-department-service-ext.html"/><title value="Discharge Department/Service Extension"/><generation value="generated"/></page><page><sourceUrl value="StructureDefinition-gender-snomed-ext.html"/><name value="StructureDefinition-gender-snomed-ext.html"/><title value="Gender (SNOMED CT)"/><generation value="generated"/></page><page><sourceUrl value="StructureDefinition-hemorrhagic-stroke-bleeding-reason-ext.html"/><name value="StructureDefinition-hemorrhagic-stroke-bleeding-reason-ext.html"/><title value="HemorrhagicStrokeBleedingReasonExt"/><generation value="generated"/></page><page><sourceUrl value="StructureDefinition-observation-timing-context-ext.html"/><name value="StructureDefinition-observation-timing-context-ext.html"/><title value="Observation Timing Context Extension"/><generation value="generated"/></page><page><sourceUrl value="StructureDefinition-onset-date-ext.html"/><name value="StructureDefinition-onset-date-ext.html"/><title value="OnsetDateExt"/><generation value="generated"/></page><page><sourceUrl value="StructureDefinition-onset-time-ext.html"/><name value="StructureDefinition-onset-time-ext.html"/><title value="OnsetTimeExt"/><generation value="generated"/></page><page><sourceUrl value="StructureDefinition-patient-age-ext.html"/><name value="StructureDefinition-patient-age-ext.html"/><title value="Patient Age (integer)"/><generation value="generated"/></page><page><sourceUrl value="StructureDefinition-procedure-timing-context-ext.html"/><name value="StructureDefinition-procedure-timing-context-ext.html"/><title value="Procedure Timing Context Extension"/><generation value="generated"/></page><page><sourceUrl value="StructureDefinition-required-post-acute-care-ext.html"/><name value="StructureDefinition-required-post-acute-care-ext.html"/><title value="Required Post-Acute Care Extension"/><generation value="generated"/></page><page><sourceUrl value="StructureDefinition-ischemic-stroke-etiology-ext.html"/><name value="StructureDefinition-ischemic-stroke-etiology-ext.html"/><title value="StrokeStrokeEtiologyExt"/><generation value="generated"/></page><page><sourceUrl value="StructureDefinition-swallowing-screening-timing-category-ext.html"/><name value="StructureDefinition-swallowing-screening-timing-category-ext.html"/><title value="Swallowing Screening Timing Category"/><generation value="generated"/></page><page><sourceUrl value="ValueSet-admission-source-vs.html"/><name value="ValueSet-admission-source-vs.html"/><title value="Admission Sources ValueSet"/><generation value="generated"/></page><page><sourceUrl value="ValueSet-assessment-context-vs.html"/><name value="ValueSet-assessment-context-vs.html"/><title value="Assessment Context ValueSet"/><generation value="generated"/></page><page><sourceUrl value="ValueSet-afib-flutter-status-vs.html"/><name value="ValueSet-afib-flutter-status-vs.html"/><title value="Atrial Fibrillation or Flutter Status ValueSet"/><generation value="generated"/></page><page><sourceUrl value="ValueSet-brain-imaging-modality-vs.html"/><name value="ValueSet-brain-imaging-modality-vs.html"/><title value="Brain Imaging Modality ValueSet"/><generation value="generated"/></page><page><sourceUrl value="ValueSet-carotid-imaging-modality-vs.html"/><name value="ValueSet-carotid-imaging-modality-vs.html"/><title value="Carotid Arteries Imaging Modality ValueSet"/><generation value="generated"/></page><page><sourceUrl value="ValueSet-discharge-dept-vs.html"/><name value="ValueSet-discharge-dept-vs.html"/><title value="Discharge Department/Service ValueSet"/><generation value="generated"/></page><page><sourceUrl value="ValueSet-discharge-destination-vs.html"/><name value="ValueSet-discharge-destination-vs.html"/><title value="Discharge Destination ValueSet"/><generation value="generated"/></page><page><sourceUrl value="ValueSet-vs-gender-snomed.html"/><name value="ValueSet-vs-gender-snomed.html"/><title value="Gender (SNOMED CT)"/><generation value="generated"/></page><page><sourceUrl value="ValueSet-hemorrhagic-stroke-bleeding-reason-vs.html"/><name value="ValueSet-hemorrhagic-stroke-bleeding-reason-vs.html"/><title value="Hemorrhagic Stroke Bleeding Reason ValueSet"/><generation value="generated"/></page><page><sourceUrl value="ValueSet-initial-care-intensity-vs.html"/><name value="ValueSet-initial-care-intensity-vs.html"/><title value="Initial Care Intensity ValueSet"/><generation value="generated"/></page><page><sourceUrl value="ValueSet-discharge-medication-vs.html"/><name value="ValueSet-discharge-medication-vs.html"/><title value="Medications ValueSet"/><generation value="generated"/></page><page><sourceUrl value="ValueSet-medicationStatement-meds-codes-vs.html"/><name value="ValueSet-medicationStatement-meds-codes-vs.html"/><title value="MedicationStatement Therapy/Finding Codes"/><generation value="generated"/></page><page><sourceUrl value="ValueSet-mrs-score-vs.html"/><name value="ValueSet-mrs-score-vs.html"/><title value="modified Rankin Scale (mRS) Score ValueSet"/><generation value="generated"/></page><page><sourceUrl value="ValueSet-mtici-code-vs.html"/><name value="ValueSet-mtici-code-vs.html"/><title value="mTICI Score Codes ValueSet"/><generation value="generated"/></page><page><sourceUrl value="ValueSet-mtici-score-vs.html"/><name value="ValueSet-mtici-score-vs.html"/><title value="mTICI Score ValueSet"/><generation value="generated"/></page><page><sourceUrl value="ValueSet-perforation-procedures-vs.html"/><name value="ValueSet-perforation-procedures-vs.html"/><title value="Perforation Procedures ValueSet"/><generation value="generated"/></page><page><sourceUrl value="ValueSet-procedure-timing-context-vs.html"/><name value="ValueSet-procedure-timing-context-vs.html"/><title value="Procedure Timing Context ValueSet"/><generation value="generated"/></page><page><sourceUrl value="ValueSet-specific-finding-codes-vs.html"/><name value="ValueSet-specific-finding-codes-vs.html"/><title value="Specific Stroke Finding Codes ValueSet"/><generation value="generated"/></page><page><sourceUrl value="ValueSet-stroke-finding-codes-vs.html"/><name value="ValueSet-stroke-finding-codes-vs.html"/><title value="Specific Stroke Finding Codes ValueSet"/><generation value="generated"/></page><page><sourceUrl value="ValueSet-stroke-arrival-mode-vs.html"/><name value="ValueSet-stroke-arrival-mode-vs.html"/><title value="Stroke Arrival Mode ValueSet"/><generation value="generated"/></page><page><sourceUrl value="ValueSet-stroke-circumstance-codes-vs.html"/><name value="ValueSet-stroke-circumstance-codes-vs.html"/><title value="Stroke Circumstance Codes ValueSet"/><generation value="generated"/></page><page><sourceUrl value="ValueSet-stroke-discharge-destination-vs.html"/><name value="ValueSet-stroke-discharge-destination-vs.html"/><title value="Stroke Discharge Destination ValueSet"/><generation value="generated"/></page><page><sourceUrl value="ValueSet-stroke-etiology-vs.html"/><name value="ValueSet-stroke-etiology-vs.html"/><title value="Stroke Etiology ValueSet"/><generation value="generated"/></page><page><sourceUrl value="ValueSet-functional-score-codes-vs.html"/><name value="ValueSet-functional-score-codes-vs.html"/><title value="Stroke Functional Score Codes ValueSet"/><generation value="generated"/></page><page><sourceUrl value="ValueSet-stroke-proc-not-done-reason-vs.html"/><name value="ValueSet-stroke-proc-not-done-reason-vs.html"/><title value="Stroke Procedure Not Done Reason ValueSet"/><generation value="generated"/></page><page><sourceUrl value="ValueSet-stroke-risk-factor-snomed-vs.html"/><name value="ValueSet-stroke-risk-factor-snomed-vs.html"/><title value="Stroke Risk Factor ValueSet"/><generation value="generated"/></page><page><sourceUrl value="ValueSet-stroke-risk-factor-vs.html"/><name value="ValueSet-stroke-risk-factor-vs.html"/><title value="Stroke Risk Factor ValueSet"/><generation value="generated"/></page><page><sourceUrl value="ValueSet-timing-metric-codes-vs.html"/><name value="ValueSet-timing-metric-codes-vs.html"/><title value="Stroke Timing Metric Codes ValueSet"/><generation value="generated"/></page><page><sourceUrl value="ValueSet-vital-sign-codes-vs.html"/><name value="ValueSet-vital-sign-codes-vs.html"/><title value="Stroke Vital Sign Codes ValueSet"/><generation value="generated"/></page><page><sourceUrl value="ValueSet-swallow-procedures-vs.html"/><name value="ValueSet-swallow-procedures-vs.html"/><title value="Swallow Procedures ValueSet"/><generation value="generated"/></page><page><sourceUrl value="ValueSet-swallowing-screening-timing-category-vs.html"/><name value="ValueSet-swallowing-screening-timing-category-vs.html"/><title value="Swallowing Screening Timing Category ValueSet"/><generation value="generated"/></page><page><sourceUrl value="ValueSet-thrombectomy-complication-vs.html"/><name value="ValueSet-thrombectomy-complication-vs.html"/><title value="Thrombectomy Complication ValueSet"/><generation value="generated"/></page><page><sourceUrl value="CodeSystem-assessment-context-cs.html"/><name value="CodeSystem-assessment-context-cs.html"/><title value="Assessment Context Code System"/><generation value="generated"/></page><page><sourceUrl value="CodeSystem-brain-imaging-type-cs.html"/><name value="CodeSystem-brain-imaging-type-cs.html"/><title value="Brain Imaging Type Code System"/><generation value="generated"/></page><page><sourceUrl value="CodeSystem-discharge-dept-cs.html"/><name value="CodeSystem-discharge-dept-cs.html"/><title value="Discharge Department/Service Code System"/><generation value="generated"/></page><page><sourceUrl value="CodeSystem-hemorrhagic-stroke-bleeding-reason-cs.html"/><name value="CodeSystem-hemorrhagic-stroke-bleeding-reason-cs.html"/><title value="Hemorrhagic Stroke Bleeding Reason Code System"/><generation value="generated"/></page><page><sourceUrl value="CodeSystem-stroke-arrival-mode-cs.html"/><name value="CodeSystem-stroke-arrival-mode-cs.html"/><title value="Initial Care Intensity Code System"/><generation value="generated"/></page><page><sourceUrl value="CodeSystem-initial-care-intensity-cs.html"/><name value="CodeSystem-initial-care-intensity-cs.html"/><title value="Initial Care Intensity Code System"/><generation value="generated"/></page><page><sourceUrl value="CodeSystem-discharge-medication-cs.html"/><name value="CodeSystem-discharge-medication-cs.html"/><title value="Medications CodeSystem"/><generation value="generated"/></page><page><sourceUrl value="CodeSystem-medication-statement-cs.html"/><name value="CodeSystem-medication-statement-cs.html"/><title value="MedicationStatement CodeSystem"/><generation value="generated"/></page><page><sourceUrl value="CodeSystem-mrs-score-cs.html"/><name value="CodeSystem-mrs-score-cs.html"/><title value="modified Rankin Scale (mRS) Score Code System"/><generation value="generated"/></page><page><sourceUrl value="CodeSystem-mtici-code-cs.html"/><name value="CodeSystem-mtici-code-cs.html"/><title value="mTICI Score Codes CodeSystem"/><generation value="generated"/></page><page><sourceUrl value="CodeSystem-procedure-timing-context-cs.html"/><name value="CodeSystem-procedure-timing-context-cs.html"/><title value="Procedure Timing Context Code System"/><generation value="generated"/></page><page><sourceUrl value="CodeSystem-stroke-circumstance-codes-cs.html"/><name value="CodeSystem-stroke-circumstance-codes-cs.html"/><title value="Stroke Circumstance Codes CodeSystem"/><generation value="generated"/></page><page><sourceUrl value="CodeSystem-stroke-discharge-destination-cs.html"/><name value="CodeSystem-stroke-discharge-destination-cs.html"/><title value="Stroke Discharge Destination Code System"/><generation value="generated"/></page><page><sourceUrl value="CodeSystem-stroke-etiology-cs.html"/><name value="CodeSystem-stroke-etiology-cs.html"/><title value="Stroke Etiology Code System"/><generation value="generated"/></page><page><sourceUrl value="CodeSystem-stroke-proc-not-done-reason-cs.html"/><name value="CodeSystem-stroke-proc-not-done-reason-cs.html"/><title value="Stroke Procedure Not Done Reason Code System"/><generation value="generated"/></page><page><sourceUrl value="CodeSystem-timing-metric-codes-cs.html"/><name value="CodeSystem-timing-metric-codes-cs.html"/><title value="Stroke Timing Metric Codes ValueSet"/><generation value="generated"/></page><page><sourceUrl value="CodeSystem-swallow-procedures-cs.html"/><name value="CodeSystem-swallow-procedures-cs.html"/><title value="Swallow Procedures Code System"/><generation value="generated"/></page><page><sourceUrl value="CodeSystem-swallow-screen-time-cs.html"/><name value="CodeSystem-swallow-screen-time-cs.html"/><title value="Swallowing Screening Timing Category Code System"/><generation value="generated"/></page><page><sourceUrl value="CodeSystem-thrombectomy-complication-cs.html"/><name value="CodeSystem-thrombectomy-complication-cs.html"/><title value="Thrombectomy Complication Code System"/><generation value="generated"/></page><page><sourceUrl value="Observation-AgeAtOnsetObservationExample.html"/><name value="Observation-AgeAtOnsetObservationExample.html"/><title value="AgeAtOnsetObservationExample"/><generation value="generated"/></page><page><sourceUrl value="MedicationRequest-discharge-medication-request-001.html"/><name value="MedicationRequest-discharge-medication-request-001.html"/><title value="DischargeMedicationRequest"/><generation value="generated"/></page><page><sourceUrl value="Provenance-ExampleEncounterProviderProvenance.html"/><name value="Provenance-ExampleEncounterProviderProvenance.html"/><title value="ExampleEncounterProviderProvenance"/><generation value="generated"/></page><page><sourceUrl value="Organization-ExampleOrganization.html"/><name value="Organization-ExampleOrganization.html"/><title value="ExampleOrganization"/><generation value="generated"/></page><page><sourceUrl value="Observation-FunctionalScoreObservationExample.html"/><name value="Observation-FunctionalScoreObservationExample.html"/><title value="FunctionalScoreObservationExample"/><generation value="generated"/></page><page><sourceUrl value="Patient-PatientAgeGenderSnomedExample.html"/><name value="Patient-PatientAgeGenderSnomedExample.html"/><title value="PatientAgeGenderSnomedExample"/><generation value="generated"/></page><page><sourceUrl value="Patient-example-patient.html"/><name value="Patient-example-patient.html"/><title value="PatientExample"/><generation value="generated"/></page><page><sourceUrl value="MedicationStatement-PriorMedicationStatementExample.html"/><name value="MedicationStatement-PriorMedicationStatementExample.html"/><title value="PriorMedicationStatementExample"/><generation value="generated"/></page><page><sourceUrl value="Observation-SpecificFindingObservationExample.html"/><name value="Observation-SpecificFindingObservationExample.html"/><title value="SpecificFindingObservationExample"/><generation value="generated"/></page><page><sourceUrl value="Observation-SpecificFindingObservationExampleMTICI.html"/><name value="Observation-SpecificFindingObservationExampleMTICI.html"/><title value="SpecificFindingObservationExampleMTICI"/><generation value="generated"/></page><page><sourceUrl value="Procedure-StrokeBrainImagingExample.html"/><name value="Procedure-StrokeBrainImagingExample.html"/><title value="StrokeBrainImagingExample"/><generation value="generated"/></page><page><sourceUrl value="Procedure-StrokeCarotidImagingExample.html"/><name value="Procedure-StrokeCarotidImagingExample.html"/><title value="StrokeCarotidImagingExample"/><generation value="generated"/></page><page><sourceUrl value="Observation-StrokeCircumstanceObservationExampleWakeUp.html"/><name value="Observation-StrokeCircumstanceObservationExampleWakeUp.html"/><title value="StrokeCircumstanceObservationExampleWakeUp"/><generation value="generated"/></page><page><sourceUrl value="Condition-StrokeDiagnosisConditionAFib.html"/><name value="Condition-StrokeDiagnosisConditionAFib.html"/><title value="StrokeDiagnosisConditionAFib"/><generation value="generated"/></page><page><sourceUrl value="Condition-StrokeDiagnosisConditionAFlutter.html"/><name value="Condition-StrokeDiagnosisConditionAFlutter.html"/><title value="StrokeDiagnosisConditionAFlutter"/><generation value="generated"/></page><page><sourceUrl value="Condition-StrokeDiagnosisConditionExample.html"/><name value="Condition-StrokeDiagnosisConditionExample.html"/><title value="StrokeDiagnosisConditionExample"/><generation value="generated"/></page><page><sourceUrl value="Condition-StrokeRiskFactorConditionExample.html"/><name value="Condition-StrokeRiskFactorConditionExample.html"/><title value="StrokeRiskFactorConditionExample"/><generation value="generated"/></page><page><sourceUrl value="Procedure-StrokeSwallowingExample.html"/><name value="Procedure-StrokeSwallowingExample.html"/><title value="StrokeSwallowingExample"/><generation value="generated"/></page><page><sourceUrl value="Procedure-StrokeThrombolysisExample.html"/><name value="Procedure-StrokeThrombolysisExample.html"/><title value="StrokeThrombolysisExample"/><generation value="generated"/></page><page><sourceUrl value="Observation-TimingMetricObservationExample.html"/><name value="Observation-TimingMetricObservationExample.html"/><title value="TimingMetricObservationExample"/><generation value="generated"/></page></page></page><parameter><code><system value="http://hl7.org/fhir/tools/CodeSystem/ig-parameters"/><code value="copyrightyear"/></code><value value="2025+"/></parameter><parameter><code><system value="http://hl7.org/fhir/tools/CodeSystem/ig-parameters"/><code value="releaselabel"/></code><value value="5"/></parameter><parameter><code><system value="http://hl7.org/fhir/tools/CodeSystem/ig-parameters"/><code value="broken-links"/></code><value value="warning"/></parameter><parameter><code><system value="http://hl7.org/fhir/tools/CodeSystem/ig-parameters"/><code value="check-urls"/></code><value value="true"/></parameter><parameter><code><system value="http://hl7.org/fhir/tools/CodeSystem/ig-parameters"/><code value="excludettl"/></code><value value="true"/></parameter><parameter><code><system value="http://hl7.org/fhir/tools/CodeSystem/ig-parameters"/><code value="autoload-resources"/></code><value value="true"/></parameter><parameter><code><system value="http://hl7.org/fhir/guide-parameter-code"/><code value="path-resource"/></code><value value="input/capabilities"/></parameter><parameter><code><system value="http://hl7.org/fhir/guide-parameter-code"/><code value="path-resource"/></code><value value="input/examples"/></parameter><parameter><code><system value="http://hl7.org/fhir/guide-parameter-code"/><code value="path-resource"/></code><value value="input/extensions"/></parameter><parameter><code><system value="http://hl7.org/fhir/guide-parameter-code"/><code value="path-resource"/></code><value value="input/models"/></parameter><parameter><code><system value="http://hl7.org/fhir/guide-parameter-code"/><code value="path-resource"/></code><value value="input/operations"/></parameter><parameter><code><system value="http://hl7.org/fhir/guide-parameter-code"/><code value="path-resource"/></code><value value="input/profiles"/></parameter><parameter><code><system value="http://hl7.org/fhir/guide-parameter-code"/><code value="path-resource"/></code><value value="input/resources"/></parameter><parameter><code><system value="http://hl7.org/fhir/guide-parameter-code"/><code value="path-resource"/></code><value value="input/vocabulary"/></parameter><parameter><code><system value="http://hl7.org/fhir/guide-parameter-code"/><code value="path-resource"/></code><value value="input/maps"/></parameter><parameter><code><system value="http://hl7.org/fhir/guide-parameter-code"/><code value="path-resource"/></code><value value="input/testing"/></parameter><parameter><code><system value="http://hl7.org/fhir/guide-parameter-code"/><code value="path-resource"/></code><value value="input/history"/></parameter><parameter><code><system value="http://hl7.org/fhir/guide-parameter-code"/><code value="path-resource"/></code><value value="fsh-generated/resources"/></parameter><parameter><code><system value="http://hl7.org/fhir/guide-parameter-code"/><code value="path-pages"/></code><value value="template/config"/></parameter><parameter><code><system value="http://hl7.org/fhir/guide-parameter-code"/><code value="path-pages"/></code><value value="input/images"/></parameter><parameter><code><system value="http://hl7.org/fhir/tools/CodeSystem/ig-parameters"/><code value="path-liquid"/></code><value value="template/liquid"/></parameter><parameter><code><system value="http://hl7.org/fhir/tools/CodeSystem/ig-parameters"/><code value="path-liquid"/></code><value value="input/liquid"/></parameter><parameter><code><system value="http://hl7.org/fhir/tools/CodeSystem/ig-parameters"/><code value="path-qa"/></code><value value="temp/qa"/></parameter><parameter><code><system value="http://hl7.org/fhir/tools/CodeSystem/ig-parameters"/><code value="path-temp"/></code><value value="temp/pages"/></parameter><parameter><code><system value="http://hl7.org/fhir/tools/CodeSystem/ig-parameters"/><code value="path-output"/></code><value value="output"/></parameter><parameter><code><system value="http://hl7.org/fhir/guide-parameter-code"/><code value="path-tx-cache"/></code><value value="input-cache/txcache"/></parameter><parameter><code><system value="http://hl7.org/fhir/tools/CodeSystem/ig-parameters"/><code value="path-suppressed-warnings"/></code><value value="input/ignoreWarnings.txt"/></parameter><parameter><code><system value="http://hl7.org/fhir/tools/CodeSystem/ig-parameters"/><code value="path-history"/></code><value value="http://testSK.org/history.html"/></parameter><parameter><code><system value="http://hl7.org/fhir/tools/CodeSystem/ig-parameters"/><code value="template-html"/></code><value value="template-page.html"/></parameter><parameter><code><system value="http://hl7.org/fhir/tools/CodeSystem/ig-parameters"/><code value="template-md"/></code><value value="template-page-md.html"/></parameter><parameter><code><system value="http://hl7.org/fhir/tools/CodeSystem/ig-parameters"/><code value="apply-contact"/></code><value value="true"/></parameter><parameter><code><system value="http://hl7.org/fhir/tools/CodeSystem/ig-parameters"/><code value="apply-context"/></code><value value="true"/></parameter><parameter><code><system value="http://hl7.org/fhir/tools/CodeSystem/ig-parameters"/><code value="apply-copyright"/></code><value value="true"/></parameter><parameter><code><system value="http://hl7.org/fhir/tools/CodeSystem/ig-parameters"/><code value="apply-jurisdiction"/></code><value value="true"/></parameter><parameter><code><system value="http://hl7.org/fhir/tools/CodeSystem/ig-parameters"/><code value="apply-license"/></code><value value="true"/></parameter><parameter><code><system value="http://hl7.org/fhir/tools/CodeSystem/ig-parameters"/><code value="apply-publisher"/></code><value value="true"/></parameter><parameter><code><system value="http://hl7.org/fhir/tools/CodeSystem/ig-parameters"/><code value="apply-version"/></code><value value="true"/></parameter><parameter><code><system value="http://hl7.org/fhir/tools/CodeSystem/ig-parameters"/><code value="apply-wg"/></code><value value="true"/></parameter><parameter><code><system value="http://hl7.org/fhir/tools/CodeSystem/ig-parameters"/><code value="active-tables"/></code><value value="true"/></parameter><parameter><code><system value="http://hl7.org/fhir/tools/CodeSystem/ig-parameters"/><code value="fmm-definition"/></code><value value="http://hl7.org/fhir/versions.html#maturity"/></parameter><parameter><code><system value="http://hl7.org/fhir/tools/CodeSystem/ig-parameters"/><code value="propagate-status"/></code><value value="true"/></parameter><parameter><code><system value="http://hl7.org/fhir/tools/CodeSystem/ig-parameters"/><code value="excludelogbinaryformat"/></code><value value="true"/></parameter><parameter><code><system value="http://hl7.org/fhir/tools/CodeSystem/ig-parameters"/><code value="tabbed-snapshots"/></code><value value="true"/></parameter></definition></ImplementationGuide>