<?xml version="1.0" encoding="UTF-8"?><ValueSet xmlns="http://hl7.org/fhir"><id value="discharge-destination-vs"/><text><status value="generated"/><div xmlns="http://www.w3.org/1999/xhtml"><p class="res-header-id"><b>Generated Narrative: ValueSet discharge-destination-vs</b></p><a name="discharge-destination-vs"> </a><a name="hcdischarge-destination-vs"> </a><a name="discharge-destination-vs-en-US"> </a><ul><li>Include these codes as defined in <a href="http://www.snomed.org/"><code>http://snomed.info/sct</code></a><table class="none"><tr><td style="white-space:nowrap"><b>Code</b></td><td><b>Display</b></td></tr><tr><td><a href="http://snomed.info/id/1066351000000100">1066351000000100</a></td><td>Discharge to hospital at home service (procedure)</td></tr><tr><td><a href="http://snomed.info/id/306706006">306706006</a></td><td>Discharge to ward (procedure)</td></tr><tr><td><a href="http://snomed.info/id/19712007">19712007</a></td><td>Patient transfer, to another health care facility (procedure)</td></tr><tr><td><a href="http://snomed.info/id/306691003">306691003</a></td><td>Discharge to residential home (procedure)</td></tr><tr><td><a href="http://snomed.info/id/305398007">305398007</a></td><td>Admission to the mortuary (procedure)</td></tr></table></li></ul></div></text><url value="http://testSK.org/ValueSet/discharge-destination-vs"/><version value="0.1.0"/><name value="DischargeDestinationValueset"/><title value="Discharge Destination ValueSet"/><status value="draft"/><experimental value="true"/><date value="2025-03-31"/><publisher value="UMU"/><contact><name value="UMU"/><telecom><system value="url"/><value value="http://testSK.org/umu"/></telecom></contact><description value="Defines possible patient discharge destinations."/><compose><include><system value="http://snomed.info/sct"/><concept><code value="1066351000000100"/><display value="Discharge to hospital at home service (procedure)"/></concept><concept><code value="306706006"/><display value="Discharge to ward (procedure)"/></concept><concept><code value="19712007"/><display value="Patient transfer, to another health care facility (procedure)"/></concept><concept><code value="306691003"/><display value="Discharge to residential home (procedure)"/></concept><concept><code value="305398007"/><display value="Admission to the mortuary (procedure)"/></concept></include></compose></ValueSet>