<?xml version="1.0" encoding="UTF-8"?><ValueSet xmlns="http://hl7.org/fhir"><id value="discharge-dept-vs"/><text><status value="generated"/><div xmlns="http://www.w3.org/1999/xhtml"><p class="res-header-id"><b>Generated Narrative: ValueSet discharge-dept-vs</b></p><a name="discharge-dept-vs"> </a><a name="hcdischarge-dept-vs"> </a><ul><li>Include these codes as defined in <a href="http://www.snomed.org/"><code>http://snomed.info/sct</code></a><table class="none"><tr><td style="white-space:nowrap"><b>Code</b></td><td><b>Display</b></td></tr><tr><td><a href="http://snomed.info/id/309940004">309940004</a></td><td>Rehabilitation department (environment)</td></tr><tr><td><a href="http://snomed.info/id/309937004">309937004</a></td><td>Neurology department (environment)</td></tr><tr><td><a href="http://snomed.info/id/441480003">441480003</a></td><td>Primary care department (environment)</td></tr><tr><td><a href="http://snomed.info/id/309912009">309912009</a></td><td>Medical department (environment)</td></tr></table></li></ul></div></text><url value="http://testSK.org/ValueSet/discharge-dept-vs"/><version value="0.1.0"/><name value="DischargeDeptVS"/><title value="Discharge Department/Service ValueSet"/><status value="active"/><date value="2025-09-05T10:27:45+00:00"/><publisher value="UMU"/><contact><name value="UMU"/><telecom><system value="url"/><value value="http://testSK.org/umu"/></telecom></contact><description value="ValueSet specifying the type of department or service the patient was discharged or transferred to."/><compose><include><system value="http://snomed.info/sct"/><concept><code value="309940004"/><display value="Rehabilitation department (environment)"/></concept><concept><code value="309937004"/><display value="Neurology department (environment)"/></concept><concept><code value="441480003"/><display value="Primary care department (environment)"/></concept><concept><code value="309912009"/><display value="Medical department (environment)"/></concept></include></compose></ValueSet>