<?xml version="1.0" encoding="UTF-8"?><ValueSet xmlns="http://hl7.org/fhir"><id value="stroke-arrival-mode-vs"/><text><status value="generated"/><div xmlns="http://www.w3.org/1999/xhtml"><p class="res-header-id"><b>Generated Narrative: ValueSet stroke-arrival-mode-vs</b></p><a name="stroke-arrival-mode-vs"> </a><a name="hcstroke-arrival-mode-vs"> </a><a name="stroke-arrival-mode-vs-en-US"> </a><ul><li>Include these codes as defined in <a href="http://www.snomed.org/"><code>http://snomed.info/sct</code></a><table class="none"><tr><td style="white-space:nowrap"><b>Code</b></td><td><b>Display</b></td></tr><tr><td><a href="http://snomed.info/id/715537001">715537001</a></td><td>Transportation by ambulance (procedure)</td></tr><tr><td><a href="http://snomed.info/id/715957006">715957006</a></td><td>Transportation by own transport (procedure)</td></tr><tr><td><a href="http://snomed.info/id/384762007">384762007</a></td><td>Transportation procedure (procedure)</td></tr></table></li></ul></div></text><url value="http://testSK.org/ValueSet/stroke-arrival-mode-vs"/><version value="0.1.0"/><name value="StrokeArrivalModeVS"/><title value="Stroke Arrival Mode ValueSet"/><status value="active"/><date value="2025-06-04T08:43:19+00:00"/><publisher value="UMU"/><contact><name value="UMU"/><telecom><system value="url"/><value value="http://testSK.org/umu"/></telecom></contact><description value="ValueSet specifying the mode and origin of the patient's arrival."/><compose><include><system value="http://snomed.info/sct"/><concept><code value="715537001"/><display value="Transportation by ambulance (procedure)"/></concept><concept><code value="715957006"/><display value="Transportation by own transport (procedure)"/></concept><concept><code value="384762007"/><display value="Transportation procedure (procedure)"/></concept></include></compose></ValueSet>