<?xml version="1.0" encoding="UTF-8"?><ValueSet xmlns="http://hl7.org/fhir"><id value="brain-imaging-modality-vs"/><text><status value="generated"/><div xmlns="http://www.w3.org/1999/xhtml"><p class="res-header-id"><b>Generated Narrative: ValueSet brain-imaging-modality-vs</b></p><a name="brain-imaging-modality-vs"> </a><a name="hcbrain-imaging-modality-vs"> </a><p>This value set includes codes based on the following rules:</p><ul><li>Include these codes as defined in <a href="http://www.snomed.org/"><code>http://snomed.info/sct</code></a><table class="none"><tr><td style="white-space:nowrap"><b>Code</b></td><td><b>Display</b></td></tr><tr><td><a href="http://snomed.info/id/419949007">419949007</a></td><td>Computed tomography angiography of intracranial artery with contrast (procedure)</td></tr></table></li><li>Include all codes defined in <a href="CodeSystem-brain-imaging-type-cs.html"><code>http://testSK.org/CodeSystem/brain-imaging-type-cs</code></a></li></ul></div></text><url value="http://testSK.org/ValueSet/brain-imaging-modality-vs"/><version value="0.1.0"/><name value="BrainImagingModalityVS"/><title value="Brain Imaging Modality ValueSet"/><status value="active"/><date value="2025-09-24T10:35:41+00:00"/><publisher value="UMU"/><contact><name value="UMU"/><telecom><system value="url"/><value value="http://testSK.org/umu"/></telecom></contact><description value="Defines the SNOMED CT codes for individual brain imaging modalities performed as procedures."/><compose><include><system value="http://snomed.info/sct"/><concept><code value="419949007"/><display value="Computed tomography angiography of intracranial artery with contrast (procedure)"/></concept></include><include><system value="http://testSK.org/CodeSystem/brain-imaging-type-cs"/></include></compose></ValueSet>