<?xml version="1.0" encoding="UTF-8"?><ValueSet xmlns="http://hl7.org/fhir"><id value="timing-metric-codes-vs"/><text><status value="generated"/><div xmlns="http://www.w3.org/1999/xhtml"><p class="res-header-id"><b>Generated Narrative: ValueSet timing-metric-codes-vs</b></p><a name="timing-metric-codes-vs"> </a><a name="hctiming-metric-codes-vs"> </a><ul><li>Include all codes defined in <a href="CodeSystem-timing-metric-codes-cs.html"><code>http://testSK.org/CodeSystem/timing-metric-codes-cs</code></a></li></ul></div></text><url value="http://testSK.org/ValueSet/timing-metric-codes-vs"/><version value="0.1.0"/><name value="TimingMetricCodesVS"/><title value="Stroke Timing Metric Codes ValueSet"/><status value="active"/><date value="2025-09-09T08:15:52+00:00"/><publisher value="UMU"/><contact><name value="UMU"/><telecom><system value="url"/><value value="http://testSK.org/umu"/></telecom></contact><description value="ValueSet for key process timing metrics in acute stroke care (D2N, D2G)."/><compose><include><system value="http://testSK.org/CodeSystem/timing-metric-codes-cs"/></include></compose></ValueSet>