<?xml version="1.0" encoding="UTF-8"?><ValueSet xmlns="http://hl7.org/fhir"><id value="discharge-medication-vs"/><text><status value="generated"/><div xmlns="http://www.w3.org/1999/xhtml"><p class="res-header-id"><b>Generated Narrative: ValueSet discharge-medication-vs</b></p><a name="discharge-medication-vs"> </a><a name="hcdischarge-medication-vs"> </a><a name="discharge-medication-vs-en-US"> </a><p>This value set includes codes based on the following rules:</p><ul><li>Import all the codes that are contained in <a href="ValueSet-medication-vs.html">Medications ValueSet</a></li><li>Import all the codes that are contained in https://hl7.org/fhir/uv/ips/ValueSet-absent-or-unknown-medications-uv-ips.html</li></ul></div></text><url value="http://testSK.org/ValueSet/discharge-medication-vs"/><version value="0.1.0"/><name value="DischargeMedicationVS"/><title value="Discharge Medications ValueSet"/><status value="draft"/><date value="2025-06-03T14:30:00+00:00"/><publisher value="UMU"/><contact><name value="UMU"/><telecom><system value="url"/><value value="http://testSK.org/umu"/></telecom></contact><compose><include><valueSet value="http://testSK.org/ValueSet/medication-vs"/></include><include><valueSet value="https://hl7.org/fhir/uv/ips/ValueSet-absent-or-unknown-medications-uv-ips.html"/></include></compose></ValueSet>