<?xml version="1.0" encoding="UTF-8"?><ValueSet xmlns="http://hl7.org/fhir"><id value="stroke-circumstance-codes-vs"/><text><status value="generated"/><div xmlns="http://www.w3.org/1999/xhtml"><p class="res-header-id"><b>Generated Narrative: ValueSet stroke-circumstance-codes-vs</b></p><a name="stroke-circumstance-codes-vs"> </a><a name="hcstroke-circumstance-codes-vs"> </a><ul><li>Include all codes defined in <a href="CodeSystem-stroke-circumstance-codes-cs.html"><code>http://testSK.org/CodeSystem/stroke-circumstance-codes-cs</code></a></li></ul></div></text><url value="http://testSK.org/ValueSet/stroke-circumstance-codes-vs"/><version value="0.1.0"/><name value="StrokeCircumstanceCodesVS"/><title value="Stroke Circumstance Codes ValueSet"/><status value="active"/><date value="2025-09-22T08:28:48+00:00"/><publisher value="UMU"/><contact><name value="UMU"/><telecom><system value="url"/><value value="http://testSK.org/umu"/></telecom></contact><description value="Codes for findings related to the circumstances of stroke onset (In-hospital, Wake-up)."/><compose><include><system value="http://testSK.org/CodeSystem/stroke-circumstance-codes-cs"/></include></compose></ValueSet>