[
  {
    "id" : "discharge-dept-cs",
    "type" : "CodeSystem",
    "url" : "http://testSK.org/CodeSystem/CodeSystem/discharge-dept-cs",
    "version" : "0.1.0",
    "name" : "DischargeDeptCS"
  },
  {
    "id" : "assessment-context-cs",
    "type" : "CodeSystem",
    "url" : "http://testSK.org/CodeSystem/assessment-context-cs",
    "version" : "0.1.0",
    "name" : "AssessmentContextCS"
  },
  {
    "id" : "brain-imaging-type-cs",
    "type" : "CodeSystem",
    "url" : "http://testSK.org/CodeSystem/brain-imaging-type-cs",
    "version" : "0.1.0",
    "name" : "BrainImagingTypeCS"
  },
  {
    "id" : "hemorrhagic-stroke-bleeding-reason-cs",
    "type" : "CodeSystem",
    "url" : "http://testSK.org/CodeSystem/hemorrhagic-stroke-bleeding-reason-cs",
    "version" : "0.1.0",
    "name" : "HemorrhagicStrokeBleedingReasonCS"
  },
  {
    "id" : "initial-care-intensity-cs",
    "type" : "CodeSystem",
    "url" : "http://testSK.org/CodeSystem/initial-care-intensity-cs",
    "version" : "0.1.0",
    "name" : "InitialCareIntensityCS"
  },
  {
    "id" : "medication-statement-cs",
    "type" : "CodeSystem",
    "url" : "http://testSK.org/CodeSystem/medication-statement-cs",
    "version" : "0.1.0",
    "name" : "MedicationStatementCS"
  },
  {
    "id" : "mrs-score-cs",
    "type" : "CodeSystem",
    "url" : "http://testSK.org/CodeSystem/mrs-score-cs",
    "version" : "0.1.0",
    "name" : "MRsScoreCS"
  },
  {
    "id" : "mtici-code-cs",
    "type" : "CodeSystem",
    "url" : "http://testSK.org/CodeSystem/mtici-code-cs",
    "version" : "0.1.0",
    "name" : "MTICICodeCS"
  },
  {
    "id" : "mtici-score-cs",
    "type" : "CodeSystem",
    "url" : "http://testSK.org/CodeSystem/mtici-score-cs",
    "version" : "0.1.0",
    "name" : "MticiScoreCS"
  },
  {
    "id" : "procedure-timing-context-cs",
    "type" : "CodeSystem",
    "url" : "http://testSK.org/CodeSystem/procedure-timing-context-cs",
    "version" : "0.1.0",
    "name" : "ProcedureTimingContextCS"
  },
  {
    "id" : "stroke-arrival-mode-cs",
    "type" : "CodeSystem",
    "url" : "http://testSK.org/CodeSystem/stroke-arrival-mode-cs",
    "version" : "0.1.0",
    "name" : "StrokeArrivalModeCS"
  },
  {
    "id" : "stroke-circumstance-codes-cs",
    "type" : "CodeSystem",
    "url" : "http://testSK.org/CodeSystem/stroke-circumstance-codes-cs",
    "version" : "0.1.0",
    "name" : "StrokeCircumstanceCodesCS"
  },
  {
    "id" : "stroke-discharge-destination-cs",
    "type" : "CodeSystem",
    "url" : "http://testSK.org/CodeSystem/stroke-discharge-destination-cs",
    "version" : "0.1.0",
    "name" : "StrokeDischargeDestinationCS"
  },
  {
    "id" : "stroke-etiology-cs",
    "type" : "CodeSystem",
    "url" : "http://testSK.org/CodeSystem/stroke-etiology-cs",
    "version" : "0.1.0",
    "name" : "StrokeEtiologyCS"
  },
  {
    "id" : "stroke-proc-not-done-reason-cs",
    "type" : "CodeSystem",
    "url" : "http://testSK.org/CodeSystem/stroke-proc-not-done-reason-cs",
    "version" : "0.1.0",
    "name" : "StrokeProcNotDoneReasonCS"
  },
  {
    "id" : "swallow-procedures-cs",
    "type" : "CodeSystem",
    "url" : "http://testSK.org/CodeSystem/swallow-procedures-cs",
    "version" : "0.1.0",
    "name" : "SwallowProceduresCS"
  },
  {
    "id" : "swallow-screen-time-cs",
    "type" : "CodeSystem",
    "url" : "http://testSK.org/CodeSystem/swallow-screen-time-cs",
    "version" : "0.1.0",
    "name" : "SwallowScreenTimeCS"
  },
  {
    "id" : "thrombectomy-complication-cs",
    "type" : "CodeSystem",
    "url" : "http://testSK.org/CodeSystem/thrombectomy-complication-cs",
    "version" : "0.1.0",
    "name" : "ThrombectomyComplicationCS"
  },
  {
    "id" : "timing-metric-codes-cs",
    "type" : "CodeSystem",
    "url" : "http://testSK.org/CodeSystem/timing-metric-codes-cs",
    "version" : "0.1.0",
    "name" : "TimingMetricCodesCS"
  },
  {
    "id" : "age-at-onset-observation-profile",
    "type" : "StructureDefinition",
    "url" : "http://testSK.org/StructureDefinition/age-at-onset-observation-profile",
    "version" : "0.1.0",
    "name" : "AgeAtOnsetObservationProfile"
  },
  {
    "id" : "base-stroke-observation",
    "type" : "StructureDefinition",
    "url" : "http://testSK.org/StructureDefinition/base-stroke-observation",
    "version" : "0.1.0",
    "name" : "BaseStrokeObservation"
  },
  {
    "id" : "discharge-department-service-ext",
    "type" : "StructureDefinition",
    "url" : "http://testSK.org/StructureDefinition/discharge-department-service-ext",
    "version" : "0.1.0",
    "name" : "DischargeDepartmentServiceExtension"
  },
  {
    "id" : "discharge-medication-request-profile",
    "type" : "StructureDefinition",
    "url" : "http://testSK.org/StructureDefinition/discharge-medication-request-profile",
    "version" : "0.1.0",
    "name" : "DischargeMedicationRequestProfile"
  },
  {
    "id" : "first-hospital-ext",
    "type" : "StructureDefinition",
    "url" : "http://testSK.org/StructureDefinition/first-hospital-ext",
    "version" : "0.1.0",
    "name" : "FirstHospitalExtension"
  },
  {
    "id" : "functional-score-observation-profile",
    "type" : "StructureDefinition",
    "url" : "http://testSK.org/StructureDefinition/functional-score-observation-profile",
    "version" : "0.1.0",
    "name" : "FunctionalScoreObservationProfile"
  },
  {
    "id" : "gender-snomed-ext",
    "type" : "StructureDefinition",
    "url" : "http://testSK.org/StructureDefinition/gender-snomed-ext",
    "version" : "0.1.0",
    "name" : "GenderSNOMED"
  },
  {
    "id" : "hemorrhagic-stroke-bleeding-reason-ext",
    "type" : "StructureDefinition",
    "url" : "http://testSK.org/StructureDefinition/hemorrhagic-stroke-bleeding-reason-ext",
    "version" : "0.1.0",
    "name" : "HemorrhagicStrokeBleedingReasonExt"
  },
  {
    "id" : "initial-care-intensity-ext",
    "type" : "StructureDefinition",
    "url" : "http://testSK.org/StructureDefinition/initial-care-intensity-ext",
    "version" : "0.1.0",
    "name" : "InitialCareIntensityExtension"
  },
  {
    "id" : "ischemic-stroke-etiology-ext",
    "type" : "StructureDefinition",
    "url" : "http://testSK.org/StructureDefinition/ischemic-stroke-etiology-ext",
    "version" : "0.1.0",
    "name" : "StrokeStrokeEtiologyExt"
  },
  {
    "id" : "observation-timing-context-ext",
    "type" : "StructureDefinition",
    "url" : "http://testSK.org/StructureDefinition/observation-timing-context-ext",
    "version" : "0.1.0",
    "name" : "ObservationTimingContextExtension"
  },
  {
    "id" : "onset-date-ext",
    "type" : "StructureDefinition",
    "url" : "http://testSK.org/StructureDefinition/onset-date-ext",
    "version" : "0.1.0",
    "name" : "OnsetDateExt"
  },
  {
    "id" : "onset-time-ext",
    "type" : "StructureDefinition",
    "url" : "http://testSK.org/StructureDefinition/onset-time-ext",
    "version" : "0.1.0",
    "name" : "OnsetTimeExt"
  },
  {
    "id" : "patient-age-gender-snomed-profile",
    "type" : "StructureDefinition",
    "url" : "http://testSK.org/StructureDefinition/patient-age-gender-snomed-profile",
    "version" : "0.1.0",
    "name" : "PatientAgeGenderSNOMEDProfile"
  },
  {
    "id" : "prior-medication-statement-profile",
    "type" : "StructureDefinition",
    "url" : "http://testSK.org/StructureDefinition/prior-medication-statement-profile",
    "version" : "0.1.0",
    "name" : "PriorMedicationStatementProfile"
  },
  {
    "id" : "procedure-timing-context-ext",
    "type" : "StructureDefinition",
    "url" : "http://testSK.org/StructureDefinition/procedure-timing-context-ext",
    "version" : "0.1.0",
    "name" : "ProcedureTimingContextExtension"
  },
  {
    "id" : "required-post-acute-care-ext",
    "type" : "StructureDefinition",
    "url" : "http://testSK.org/StructureDefinition/required-post-acute-care-ext",
    "version" : "0.1.0",
    "name" : "RequiredPostAcuteCareExtension"
  },
  {
    "id" : "specific-finding-observation-profile",
    "type" : "StructureDefinition",
    "url" : "http://testSK.org/StructureDefinition/specific-finding-observation-profile",
    "version" : "0.1.0",
    "name" : "SpecificFindingObservationProfile"
  },
  {
    "id" : "stroke-brain-imaging-procedure-profile",
    "type" : "StructureDefinition",
    "url" : "http://testSK.org/StructureDefinition/stroke-brain-imaging-procedure-profile",
    "version" : "0.1.0",
    "name" : "StrokeBrainImagingProcedureProfile"
  },
  {
    "id" : "stroke-carotid-imaging-procedure-profile",
    "type" : "StructureDefinition",
    "url" : "http://testSK.org/StructureDefinition/stroke-carotid-imaging-procedure-profile",
    "version" : "0.1.0",
    "name" : "StrokeCarotidImagingProcedureProfile"
  },
  {
    "id" : "stroke-circumstance-observation-profile",
    "type" : "StructureDefinition",
    "url" : "http://testSK.org/StructureDefinition/stroke-circumstance-observation-profile",
    "version" : "0.1.0",
    "name" : "StrokeCircumstanceObservationProfile"
  },
  {
    "id" : "stroke-diagnosis-condition-profile",
    "type" : "StructureDefinition",
    "url" : "http://testSK.org/StructureDefinition/stroke-diagnosis-condition-profile",
    "version" : "0.1.0",
    "name" : "StrokeDiagnosisConditionProfile"
  },
  {
    "id" : "stroke-encounter-profile",
    "type" : "StructureDefinition",
    "url" : "http://testSK.org/StructureDefinition/stroke-encounter-profile",
    "version" : "0.1.0",
    "name" : "StrokeEncounterProfile"
  },
  {
    "id" : "stroke-mechanical-procedure-profile",
    "type" : "StructureDefinition",
    "url" : "http://testSK.org/StructureDefinition/stroke-mechanical-procedure-profile",
    "version" : "0.1.0",
    "name" : "StrokeThrombolysisProcedureProfile"
  },
  {
    "id" : "stroke-registry-organization-profile",
    "type" : "StructureDefinition",
    "url" : "http://testSK.org/StructureDefinition/stroke-registry-organization-profile",
    "version" : "0.1.0",
    "name" : "StrokeRegistryOrganizationProfile"
  },
  {
    "id" : "stroke-risk-factor-condition-profile",
    "type" : "StructureDefinition",
    "url" : "http://testSK.org/StructureDefinition/stroke-risk-factor-condition-profile",
    "version" : "0.1.0",
    "name" : "StrokeRiskFactorConditionProfile"
  },
  {
    "id" : "stroke-swallow-procedure-profile",
    "type" : "StructureDefinition",
    "url" : "http://testSK.org/StructureDefinition/stroke-swallow-procedure-profile",
    "version" : "0.1.0",
    "name" : "StrokeSwallowProcedureProfile"
  },
  {
    "id" : "swallowing-screening-timing-category-ext",
    "type" : "StructureDefinition",
    "url" : "http://testSK.org/StructureDefinition/swallowing-screening-timing-category-ext",
    "version" : "0.1.0",
    "name" : "SwallowingScreeningTimingCategoryExt"
  },
  {
    "id" : "timing-metric-observation-profile",
    "type" : "StructureDefinition",
    "url" : "http://testSK.org/StructureDefinition/timing-metric-observation-profile",
    "version" : "0.1.0",
    "name" : "TimingMetricObservationProfile"
  },
  {
    "id" : "vital-sign-observation-profile",
    "type" : "StructureDefinition",
    "url" : "http://testSK.org/StructureDefinition/vital-sign-observation-profile",
    "version" : "0.1.0",
    "name" : "VitalSignObservationProfile"
  },
  {
    "id" : "admission-source-vs",
    "type" : "ValueSet",
    "url" : "http://testSK.org/ValueSet/admission-source-vs",
    "version" : "0.1.0",
    "name" : "AdmissionSourceValueSet"
  },
  {
    "id" : "afib-flutter-status-vs",
    "type" : "ValueSet",
    "url" : "http://testSK.org/ValueSet/afib-flutter-status-vs",
    "version" : "0.1.0",
    "name" : "AfibFlutterStatusVS"
  },
  {
    "id" : "assessment-context-vs",
    "type" : "ValueSet",
    "url" : "http://testSK.org/ValueSet/assessment-context-vs",
    "version" : "0.1.0",
    "name" : "AssessmentContextVS"
  },
  {
    "id" : "brain-imaging-modality-vs",
    "type" : "ValueSet",
    "url" : "http://testSK.org/ValueSet/brain-imaging-modality-vs",
    "version" : "0.1.0",
    "name" : "BrainImagingModalityVS"
  },
  {
    "id" : "carotid-imaging-modality-vs",
    "type" : "ValueSet",
    "url" : "http://testSK.org/ValueSet/carotid-imaging-modality-vs",
    "version" : "0.1.0",
    "name" : "CarotidImagingModalityVS"
  },
  {
    "id" : "discharge-dept-vs",
    "type" : "ValueSet",
    "url" : "http://testSK.org/ValueSet/discharge-dept-vs",
    "version" : "0.1.0",
    "name" : "DischargeDeptVS"
  },
  {
    "id" : "discharge-destination-vs",
    "type" : "ValueSet",
    "url" : "http://testSK.org/ValueSet/discharge-destination-vs",
    "version" : "0.1.0",
    "name" : "DischargeDestinationValueSet"
  },
  {
    "id" : "discharge-medication-vs",
    "type" : "ValueSet",
    "url" : "http://testSK.org/ValueSet/discharge-medication-vs",
    "version" : "0.1.0",
    "name" : "DischargeMedicationVS"
  },
  {
    "id" : "functional-score-codes-vs",
    "type" : "ValueSet",
    "url" : "http://testSK.org/ValueSet/functional-score-codes-vs",
    "version" : "0.1.0",
    "name" : "FunctionalScoreCodesVS"
  },
  {
    "id" : "hemorrhagic-stroke-bleeding-reason-vs",
    "type" : "ValueSet",
    "url" : "http://testSK.org/ValueSet/hemorrhagic-stroke-bleeding-reason-vs",
    "version" : "0.1.0",
    "name" : "HemorrhagicStrokeBleedingReasonVS"
  },
  {
    "id" : "initial-care-intensity-vs",
    "type" : "ValueSet",
    "url" : "http://testSK.org/ValueSet/initial-care-intensity-vs",
    "version" : "0.1.0",
    "name" : "InitialCareIntensityVS"
  },
  {
    "id" : "discharge-medication-cs",
    "type" : "CodeSystem",
    "url" : "http://testSK.org/ValueSet/medication-vs",
    "version" : "0.1.0",
    "name" : "DischargeMedicationCS"
  },
  {
    "id" : "medicationStatement-meds-codes-vs",
    "type" : "ValueSet",
    "url" : "http://testSK.org/ValueSet/medicationStatement-meds-codes-vs",
    "version" : "0.1.0",
    "name" : "MedicationStatementMedsCodes"
  },
  {
    "id" : "mrs-score-vs",
    "type" : "ValueSet",
    "url" : "http://testSK.org/ValueSet/mrs-score-vs",
    "version" : "0.1.0",
    "name" : "MRsScoreVS"
  },
  {
    "id" : "mtici-code-vs",
    "type" : "ValueSet",
    "url" : "http://testSK.org/ValueSet/mtici-code-vs",
    "version" : "0.1.0",
    "name" : "MTICICodeVS"
  },
  {
    "id" : "mtici-score-vs",
    "type" : "ValueSet",
    "url" : "http://testSK.org/ValueSet/mtici-score-vs",
    "version" : "0.1.0",
    "name" : "MTICIScoreValueSet"
  },
  {
    "id" : "perforation-procedures-vs",
    "type" : "ValueSet",
    "url" : "http://testSK.org/ValueSet/perforation-procedures-vs",
    "version" : "0.1.0",
    "name" : "PerforationProceduresValueset"
  },
  {
    "id" : "procedure-timing-context-vs",
    "type" : "ValueSet",
    "url" : "http://testSK.org/ValueSet/procedure-timing-context-vs",
    "version" : "0.1.0",
    "name" : "ProcedureTimingContextVS"
  },
  {
    "id" : "specific-finding-codes-vs",
    "type" : "ValueSet",
    "url" : "http://testSK.org/ValueSet/specific-finding-codes-vs",
    "version" : "0.1.0",
    "name" : "SpecificFindingCodesVS"
  },
  {
    "id" : "stroke-arrival-mode-vs",
    "type" : "ValueSet",
    "url" : "http://testSK.org/ValueSet/stroke-arrival-mode-vs",
    "version" : "0.1.0",
    "name" : "StrokeArrivalModeVS"
  },
  {
    "id" : "stroke-circumstance-codes-vs",
    "type" : "ValueSet",
    "url" : "http://testSK.org/ValueSet/stroke-circumstance-codes-vs",
    "version" : "0.1.0",
    "name" : "StrokeCircumstanceCodesVS"
  },
  {
    "id" : "stroke-diagnosis-vs",
    "type" : "ValueSet",
    "url" : "http://testSK.org/ValueSet/stroke-diagnosis-vs",
    "version" : "0.1.0",
    "name" : "StrokeDiagnosisVS"
  },
  {
    "id" : "stroke-discharge-destination-vs",
    "type" : "ValueSet",
    "url" : "http://testSK.org/ValueSet/stroke-discharge-destination-vs",
    "version" : "0.1.0",
    "name" : "StrokeDischargeDestinationVS"
  },
  {
    "id" : "stroke-etiology-vs",
    "type" : "ValueSet",
    "url" : "http://testSK.org/ValueSet/stroke-etiology-vs",
    "version" : "0.1.0",
    "name" : "StrokeEtiologyVS"
  },
  {
    "id" : "stroke-finding-codes-vs",
    "type" : "ValueSet",
    "url" : "http://testSK.org/ValueSet/stroke-finding-codes-vs",
    "version" : "0.1.0",
    "name" : "StrokeFindingCodesVS"
  },
  {
    "id" : "stroke-proc-not-done-reason-vs",
    "type" : "ValueSet",
    "url" : "http://testSK.org/ValueSet/stroke-proc-not-done-reason-vs",
    "version" : "0.1.0",
    "name" : "StrokeProcNotDoneReasonVS"
  },
  {
    "id" : "stroke-risk-factor-snomed-vs",
    "type" : "ValueSet",
    "url" : "http://testSK.org/ValueSet/stroke-risk-factor-snomed-vs",
    "version" : "0.1.0",
    "name" : "StrokeRiskFactorSNOMEDVS"
  },
  {
    "id" : "stroke-risk-factor-vs",
    "type" : "ValueSet",
    "url" : "http://testSK.org/ValueSet/stroke-risk-factor-vs",
    "version" : "0.1.0",
    "name" : "StrokeRiskFactorValueSet"
  },
  {
    "id" : "swallow-procedures-vs",
    "type" : "ValueSet",
    "url" : "http://testSK.org/ValueSet/swallow-procedures-vs",
    "version" : "0.1.0",
    "name" : "SwallowProceduresValueset"
  },
  {
    "id" : "swallowing-screening-timing-category-vs",
    "type" : "ValueSet",
    "url" : "http://testSK.org/ValueSet/swallowing-screening-timing-category-vs",
    "version" : "0.1.0",
    "name" : "SwallowingScreeningTimingCategoryVS"
  },
  {
    "id" : "thrombectomy-complication-vs",
    "type" : "ValueSet",
    "url" : "http://testSK.org/ValueSet/thrombectomy-complication-vs",
    "version" : "0.1.0",
    "name" : "ThrombectomyComplicationVS"
  },
  {
    "id" : "timing-metric-codes-vs",
    "type" : "ValueSet",
    "url" : "http://testSK.org/ValueSet/timing-metric-codes-vs",
    "version" : "0.1.0",
    "name" : "TimingMetricCodesVS"
  },
  {
    "id" : "vital-sign-codes-vs",
    "type" : "ValueSet",
    "url" : "http://testSK.org/ValueSet/vital-sign-codes-vs",
    "version" : "0.1.0",
    "name" : "VitalSignCodesVS"
  },
  {
    "id" : "vs-gender-snomed",
    "type" : "ValueSet",
    "url" : "http://testSK.org/ValueSet/vs-gender-snomed",
    "version" : "0.1.0",
    "name" : "GenderSNOMEDVS"
  },
  {
    "id" : "SKtestIG",
    "type" : "ImplementationGuide",
    "url" : "https://alvumu.github.io",
    "version" : "0.1.0",
    "name" : "IGTest"
  }
]
