{
  "resourceType" : "CodeSystem",
  "id" : "afib-flutter-status-cs",
  "text" : {
    "status" : "generated",
    "div" : "<div xmlns=\"http://www.w3.org/1999/xhtml\"><p class=\"res-header-id\"><b>Generated Narrative: CodeSystem afib-flutter-status-cs</b></p><a name=\"afib-flutter-status-cs\"> </a><a name=\"hcafib-flutter-status-cs\"> </a><p>This case-insensitive code system <code>http://testSK.org/CodeSystem/afib-flutter-status-cs</code> defines the following codes:</p><table class=\"codes\"><tr><td style=\"white-space:nowrap\"><b>Code</b></td><td><b>Display</b></td><td><b>Definition</b></td></tr><tr><td style=\"white-space:nowrap\">detected<a name=\"afib-flutter-status-cs-detected\"> </a></td><td>Detected</td><td>Indicates that atrial fibrillation or flutter has been identified during screening or recent evaluation.</td></tr><tr><td style=\"white-space:nowrap\">known-af<a name=\"afib-flutter-status-cs-known-af\"> </a></td><td>Known AF</td><td>Signifies that the patient has a pre-existing, documented diagnosis of atrial fibrillation.</td></tr><tr><td style=\"white-space:nowrap\">no-af<a name=\"afib-flutter-status-cs-no-af\"> </a></td><td>No AF</td><td>Denotes that the patient does not exhibit atrial fibrillation or atrial flutter.</td></tr><tr><td style=\"white-space:nowrap\">not-screened<a name=\"afib-flutter-status-cs-not-screened\"> </a></td><td>Not Screened</td><td>Means that no screening for atrial fibrillation or flutter has been performed.</td></tr></table></div>"
  },
  "url" : "http://testSK.org/CodeSystem/afib-flutter-status-cs",
  "version" : "0.1.0",
  "name" : "AfibFlutterStatusCS",
  "title" : "Atrial Fibrillation or Flutter Status Codes",
  "status" : "active",
  "experimental" : true,
  "date" : "2025-09-05T10:27:45+00:00",
  "publisher" : "UMU",
  "contact" : [{
    "name" : "UMU",
    "telecom" : [{
      "system" : "url",
      "value" : "http://testSK.org/umu"
    }]
  }],
  "description" : "Codes representing the status of Atrial Fibrillation or Flutter assessment.",
  "caseSensitive" : false,
  "content" : "complete",
  "count" : 4,
  "concept" : [{
    "code" : "detected",
    "display" : "Detected",
    "definition" : "Indicates that atrial fibrillation or flutter has been identified during screening or recent evaluation."
  },
  {
    "code" : "known-af",
    "display" : "Known AF",
    "definition" : "Signifies that the patient has a pre-existing, documented diagnosis of atrial fibrillation."
  },
  {
    "code" : "no-af",
    "display" : "No AF",
    "definition" : "Denotes that the patient does not exhibit atrial fibrillation or atrial flutter."
  },
  {
    "code" : "not-screened",
    "display" : "Not Screened",
    "definition" : "Means that no screening for atrial fibrillation or flutter has been performed."
  }]
}