{
  "resourceType" : "CodeSystem",
  "id" : "hemorrhagic-stroke-bleeding-reason-cs",
  "text" : {
    "status" : "generated",
    "div" : "<div xmlns=\"http://www.w3.org/1999/xhtml\"><p class=\"res-header-id\"><b>Generated Narrative: CodeSystem hemorrhagic-stroke-bleeding-reason-cs</b></p><a name=\"hemorrhagic-stroke-bleeding-reason-cs\"> </a><a name=\"hchemorrhagic-stroke-bleeding-reason-cs\"> </a><p>This case-insensitive code system <code>http://testSK.org/CodeSystem/hemorrhagic-stroke-bleeding-reason-cs</code> defines the following codes:</p><table class=\"codes\"><tr><td style=\"white-space:nowrap\"><b>Code</b></td><td><b>Display</b></td><td><b>Definition</b></td></tr><tr><td style=\"white-space:nowrap\">aneurysm<a name=\"hemorrhagic-stroke-bleeding-reason-cs-aneurysm\"> </a></td><td>Bleeding Reason Aneurysm</td><td>A cerebral aneurysm was identified as the cause of the patient's hemorrhagic stroke</td></tr><tr><td style=\"white-space:nowrap\">malformation<a name=\"hemorrhagic-stroke-bleeding-reason-cs-malformation\"> </a></td><td>Bleeding Reason Malformation</td><td>A vascular malformation was identified as the cause of the patient's hemorrhagic stroke</td></tr><tr><td style=\"white-space:nowrap\">other<a name=\"hemorrhagic-stroke-bleeding-reason-cs-other\"> </a></td><td>Bleeding Reason Other</td><td>Another, less common or unspecified cause of intracranial hemorrhage was identified</td></tr></table></div>"
  },
  "url" : "http://testSK.org/CodeSystem/hemorrhagic-stroke-bleeding-reason-cs",
  "version" : "0.1.0",
  "name" : "HemorrhagicStrokeBleedingReasonCS",
  "title" : "Hemorrhagic Stroke Bleeding Reason Code System",
  "status" : "active",
  "experimental" : true,
  "date" : "2025-09-22T13:11:45+00:00",
  "publisher" : "UMU",
  "contact" : [{
    "name" : "UMU",
    "telecom" : [{
      "system" : "url",
      "value" : "http://testSK.org/umu"
    }]
  }],
  "description" : "Codes indicating the reason for bleeding in hemorrhagic stroke cases.",
  "caseSensitive" : false,
  "content" : "complete",
  "count" : 3,
  "concept" : [{
    "code" : "aneurysm",
    "display" : "Bleeding Reason Aneurysm",
    "definition" : "A cerebral aneurysm was identified as the cause of the patient's hemorrhagic stroke"
  },
  {
    "code" : "malformation",
    "display" : "Bleeding Reason Malformation",
    "definition" : "A vascular malformation was identified as the cause of the patient's hemorrhagic stroke"
  },
  {
    "code" : "other",
    "display" : "Bleeding Reason Other",
    "definition" : "Another, less common or unspecified cause of intracranial hemorrhage was identified"
  }]
}