<?xml version="1.0" encoding="UTF-8"?>

<CodeSystem xmlns="http://hl7.org/fhir">
  <id value="initial-care-intensity-cs"/>
  <text>
    <status value="generated"/><div xmlns="http://www.w3.org/1999/xhtml"><p class="res-header-id"><b>Generated Narrative: CodeSystem initial-care-intensity-cs</b></p><a name="initial-care-intensity-cs"> </a><a name="hcinitial-care-intensity-cs"> </a><p>This case-insensitive code system <code>http://testSK.org/CodeSystem/initial-care-intensity-cs</code> defines the following codes:</p><table class="codes"><tr><td style="white-space:nowrap"><b>Code</b></td><td><b>Display</b></td><td><b>Definition</b></td></tr><tr><td style="white-space:nowrap">standard<a name="initial-care-intensity-cs-standard"> </a></td><td>Standard Bed</td><td>Patient placed in a standard hospital bed without continuous monitoring.</td></tr><tr><td style="white-space:nowrap">monitored<a name="initial-care-intensity-cs-monitored"> </a></td><td>Monitored Bed</td><td>Patient placed in a bed with continuous telemetry or other monitoring (outside ICU).</td></tr><tr><td style="white-space:nowrap">icu-stroke<a name="initial-care-intensity-cs-icu-stroke"> </a></td><td>ICU / Stroke Unit</td><td>Patient placed in an Intensive Care Unit or specialized Stroke Unit.</td></tr></table></div>
  </text>
  <url value="http://testSK.org/CodeSystem/initial-care-intensity-cs"/>
  <version value="0.1.0"/>
  <name value="InitialCareIntensityCS"/>
  <title value="Initial Care Intensity Code System"/>
  <status value="active"/>
  <experimental value="true"/>
  <date value="2025-09-22T09:39:40+00:00"/>
  <publisher value="UMU"/>
  <contact>
    <name value="UMU"/>
    <telecom>
      <system value="url"/>
      <value value="http://testSK.org/umu"/>
    </telecom>
  </contact>
  <description value="Codes indicating the level of care provided during the patient's initial day(s) in the hospital."/>
  <caseSensitive value="false"/>
  <content value="complete"/>
  <count value="3"/>
  <concept>
    <code value="standard"/>
    <display value="Standard Bed"/>
    <definition value="Patient placed in a standard hospital bed without continuous monitoring."/>
  </concept>
  <concept>
    <code value="monitored"/>
    <display value="Monitored Bed"/>
    <definition value="Patient placed in a bed with continuous telemetry or other monitoring (outside ICU)."/>
  </concept>
  <concept>
    <code value="icu-stroke"/>
    <display value="ICU / Stroke Unit"/>
    <definition value="Patient placed in an Intensive Care Unit or specialized Stroke Unit."/>
  </concept>
</CodeSystem>