<?xml version="1.0" encoding="UTF-8"?>

<CodeSystem xmlns="http://hl7.org/fhir">
  <id value="thrombectomy-complication-cs"/>
  <text>
    <status value="generated"/><div xmlns="http://www.w3.org/1999/xhtml"><p class="res-header-id"><b>Generated Narrative: CodeSystem thrombectomy-complication-cs</b></p><a name="thrombectomy-complication-cs"> </a><a name="hcthrombectomy-complication-cs"> </a><p>This  code system <code>http://testSK.org/CodeSystem/thrombectomy-complication-cs</code> defines the following code:</p><table class="codes"><tr><td style="white-space:nowrap"><b>Code</b></td><td><b>Display</b></td><td><b>Definition</b></td></tr><tr><td style="white-space:nowrap">perforation<a name="thrombectomy-complication-cs-perforation"> </a></td><td>Vessel Perforation</td><td>Vessel perforation occurred during the mechanical thrombectomy</td></tr></table></div>
  </text>
  <url value="http://testSK.org/CodeSystem/thrombectomy-complication-cs"/>
  <version value="0.1.0"/>
  <name value="ThrombectomyComplicationCS"/>
  <title value="Thrombectomy Complication Code System"/>
  <status value="active"/>
  <date value="2025-09-22T09:39:31+00:00"/>
  <publisher value="UMU"/>
  <contact>
    <name value="UMU"/>
    <telecom>
      <system value="url"/>
      <value value="http://testSK.org/umu"/>
    </telecom>
  </contact>
  <description value="Codes specifying the specific complications of thrombectomy to record."/>
  <content value="complete"/>
  <count value="1"/>
  <concept>
    <code value="perforation"/>
    <display value="Vessel Perforation"/>
    <definition value="Vessel perforation occurred during the mechanical thrombectomy"/>
  </concept>
</CodeSystem>