{
  "resourceType" : "CodeSystem",
  "id" : "procedure-timing-context-cs",
  "text" : {
    "status" : "generated",
    "div" : "<div xmlns=\"http://www.w3.org/1999/xhtml\"><p class=\"res-header-id\"><b>Generated Narrative: CodeSystem procedure-timing-context-cs</b></p><a name=\"procedure-timing-context-cs\"> </a><a name=\"hcprocedure-timing-context-cs\"> </a><p>This case-insensitive code system <code>http://testSK.org/CodeSystem/procedure-timing-context-cs</code> defines the following codes:</p><table class=\"codes\"><tr><td style=\"white-space:nowrap\"><b>Code</b></td><td><b>Display</b></td><td><b>Definition</b></td></tr><tr><td style=\"white-space:nowrap\">acute<a name=\"procedure-timing-context-cs-acute\"> </a></td><td>Acute Phase (&lt;24h)</td><td>Procedure performed within 24 hours of encounter start time.</td></tr><tr><td style=\"white-space:nowrap\">post-acute<a name=\"procedure-timing-context-cs-post-acute\"> </a></td><td>Post-Acute Phase (&gt;=24h)</td><td>Procedure performed 24 hours or more after encounter start time.</td></tr><tr><td style=\"white-space:nowrap\">unknown<a name=\"procedure-timing-context-cs-unknown\"> </a></td><td>Unknown/Not Applicable</td><td>Timing relative to encounter start is unknown or not applicable.</td></tr></table></div>"
  },
  "url" : "http://testSK.org/CodeSystem/procedure-timing-context-cs",
  "version" : "0.1.0",
  "name" : "ProcedureTimingContextCS",
  "title" : "Procedure Timing Context Code System",
  "status" : "active",
  "experimental" : true,
  "date" : "2025-09-30T09:58:20+00:00",
  "publisher" : "UMU",
  "contact" : [{
    "name" : "UMU",
    "telecom" : [{
      "system" : "url",
      "value" : "http://testSK.org/umu"
    }]
  }],
  "description" : "Codes defining the timing phase of a procedure relative to the encounter start (e.g., acute vs. post-acute).",
  "caseSensitive" : false,
  "content" : "complete",
  "count" : 3,
  "concept" : [{
    "code" : "acute",
    "display" : "Acute Phase (<24h)",
    "definition" : "Procedure performed within 24 hours of encounter start time."
  },
  {
    "code" : "post-acute",
    "display" : "Post-Acute Phase (>=24h)",
    "definition" : "Procedure performed 24 hours or more after encounter start time."
  },
  {
    "code" : "unknown",
    "display" : "Unknown/Not Applicable",
    "definition" : "Timing relative to encounter start is unknown or not applicable."
  }]
}