{
  "resourceType" : "CodeSystem",
  "id" : "discharge-dept-cs",
  "text" : {
    "status" : "generated",
    "div" : "<div xmlns=\"http://www.w3.org/1999/xhtml\"><p class=\"res-header-id\"><b>Generated Narrative: CodeSystem discharge-dept-cs</b></p><a name=\"discharge-dept-cs\"> </a><a name=\"hcdischarge-dept-cs\"> </a><p>This  code system <code>http://testSK.org/CodeSystem/CodeSystem/discharge-dept-cs</code> defines the following codes:</p><table class=\"codes\"><tr><td style=\"white-space:nowrap\"><b>Code</b></td><td><b>Display</b></td><td><b>Definition</b></td></tr><tr><td style=\"white-space:nowrap\">acute<a name=\"discharge-dept-cs-acute\"> </a></td><td>Acute Rehabilitation</td><td>Patient discharged to an acute rehabilitation setting.</td></tr><tr><td style=\"white-space:nowrap\">post-care<a name=\"discharge-dept-cs-post-care\"> </a></td><td>Post Care Bed</td><td>Patient discharged to a post care bed.</td></tr><tr><td style=\"white-space:nowrap\">neurology<a name=\"discharge-dept-cs-neurology\"> </a></td><td>Neurology</td><td>Patient discharged to a neurology department or service.</td></tr><tr><td style=\"white-space:nowrap\">another-department<a name=\"discharge-dept-cs-another-department\"> </a></td><td>Another Department</td><td>Patient discharged to a different department within the same hospital.</td></tr></table></div>"
  },
  "url" : "http://testSK.org/CodeSystem/CodeSystem/discharge-dept-cs",
  "version" : "0.1.0",
  "name" : "DischargeDeptCS",
  "title" : "Discharge Department/Service Code System",
  "status" : "active",
  "date" : "2025-10-06T07:31:52+00:00",
  "publisher" : "UMU",
  "contact" : [{
    "name" : "UMU",
    "telecom" : [{
      "system" : "url",
      "value" : "http://testSK.org/umu"
    }]
  }],
  "description" : "Code system specifying the type of department or service the patient was discharged or transferred to.",
  "content" : "complete",
  "count" : 4,
  "concept" : [{
    "code" : "acute",
    "display" : "Acute Rehabilitation",
    "definition" : "Patient discharged to an acute rehabilitation setting."
  },
  {
    "code" : "post-care",
    "display" : "Post Care Bed",
    "definition" : "Patient discharged to a post care bed."
  },
  {
    "code" : "neurology",
    "display" : "Neurology",
    "definition" : "Patient discharged to a neurology department or service."
  },
  {
    "code" : "another-department",
    "display" : "Another Department",
    "definition" : "Patient discharged to a different department within the same hospital."
  }]
}