<?xml version="1.0" encoding="UTF-8"?>

<CodeSystem xmlns="http://hl7.org/fhir">
  <id value="stroke-discharge-destination-cs"/>
  <text>
    <status value="generated"/><div xmlns="http://www.w3.org/1999/xhtml"><p class="res-header-id"><b>Generated Narrative: CodeSystem stroke-discharge-destination-cs</b></p><a name="stroke-discharge-destination-cs"> </a><a name="hcstroke-discharge-destination-cs"> </a><p>This  code system <code>http://testSK.org/CodeSystem/stroke-discharge-destination-cs</code> defines the following code:</p><table class="codes"><tr><td style="white-space:nowrap"><b>Code</b></td><td><b>Display</b></td><td><b>Definition</b></td></tr><tr><td style="white-space:nowrap">dead<a name="stroke-discharge-destination-cs-dead"> </a></td><td>Patient Deceased</td><td>The patient died during the hospital stay.</td></tr></table></div>
  </text>
  <url value="http://testSK.org/CodeSystem/stroke-discharge-destination-cs"/>
  <version value="0.1.0"/>
  <name value="StrokeDischargeDestinationCS"/>
  <title value="Stroke Discharge Destination Code System"/>
  <status value="active"/>
  <experimental value="true"/>
  <date value="2025-09-25T09:51:46+00:00"/>
  <publisher value="UMU"/>
  <contact>
    <name value="UMU"/>
    <telecom>
      <system value="url"/>
      <value value="http://testSK.org/umu"/>
    </telecom>
  </contact>
  <description value="Codes indicating the possible destinations of the patient upon discharge from the encounter."/>
  <content value="complete"/>
  <count value="1"/>
  <concept>
    <code value="dead"/>
    <display value="Patient Deceased"/>
    <definition value="The patient died during the hospital stay."/>
  </concept>
</CodeSystem>