<?xml version="1.0" encoding="UTF-8"?>

<CodeSystem xmlns="http://hl7.org/fhir">
  <id value="procedure-timing-context-cs"/>
  <text>
    <status value="generated"/><div xmlns="http://www.w3.org/1999/xhtml"><p class="res-header-id"><b>Generated Narrative: CodeSystem procedure-timing-context-cs</b></p><a name="procedure-timing-context-cs"> </a><a name="hcprocedure-timing-context-cs"> </a><p>This case-insensitive code system <code>http://testSK.org/CodeSystem/procedure-timing-context-cs</code> defines the following codes:</p><table class="codes"><tr><td style="white-space:nowrap"><b>Code</b></td><td><b>Display</b></td><td><b>Definition</b></td></tr><tr><td style="white-space:nowrap">acute<a name="procedure-timing-context-cs-acute"> </a></td><td>Acute Phase (&lt;24h)</td><td>Procedure performed within 24 hours of encounter start time.</td></tr><tr><td style="white-space:nowrap">post-acute<a name="procedure-timing-context-cs-post-acute"> </a></td><td>Post-Acute Phase (&gt;=24h)</td><td>Procedure performed 24 hours or more after encounter start time.</td></tr><tr><td style="white-space:nowrap">unknown<a name="procedure-timing-context-cs-unknown"> </a></td><td>Unknown/Not Applicable</td><td>Timing relative to encounter start is unknown or not applicable.</td></tr></table></div>
  </text>
  <url value="http://testSK.org/CodeSystem/procedure-timing-context-cs"/>
  <version value="0.1.0"/>
  <name value="ProcedureTimingContextCS"/>
  <title value="Procedure Timing Context Code System"/>
  <status value="active"/>
  <experimental value="true"/>
  <date value="2025-09-22T15:14:25+00:00"/>
  <publisher value="UMU"/>
  <contact>
    <name value="UMU"/>
    <telecom>
      <system value="url"/>
      <value value="http://testSK.org/umu"/>
    </telecom>
  </contact>
  <description value="Codes defining the timing phase of a procedure relative to the encounter start (e.g., acute vs. post-acute)."/>
  <caseSensitive value="false"/>
  <content value="complete"/>
  <count value="3"/>
  <concept>
    <code value="acute"/>
    <display value="Acute Phase (&lt;24h)"/>
    <definition value="Procedure performed within 24 hours of encounter start time."/>
  </concept>
  <concept>
    <code value="post-acute"/>
    <display value="Post-Acute Phase (&gt;=24h)"/>
    <definition value="Procedure performed 24 hours or more after encounter start time."/>
  </concept>
  <concept>
    <code value="unknown"/>
    <display value="Unknown/Not Applicable"/>
    <definition value="Timing relative to encounter start is unknown or not applicable."/>
  </concept>
</CodeSystem>