{
  "resourceType" : "ImplementationGuide",
  "id" : "SKtestIG",
  "text" : {
    "status" : "generated",
    "div" : "<div xmlns=\"http://www.w3.org/1999/xhtml\"><p class=\"res-header-id\"><b>Generated Narrative: ImplementationGuide SKtestIG</b></p><a name=\"SKtestIG\"> </a><a name=\"hcSKtestIG\"> </a><h2>IGTest</h2><p>The official URL for this implementation guide is: </p><pre>https://alvumu.github.io</pre></div>"
  },
  "url" : "https://alvumu.github.io",
  "version" : "0.1.0",
  "name" : "IGTest",
  "status" : "draft",
  "date" : "2025-10-02T08:31:49+00:00",
  "publisher" : "UMU",
  "contact" : [{
    "name" : "UMU",
    "telecom" : [{
      "system" : "url",
      "value" : "http://testSK.org/umu"
    }]
  }],
  "packageId" : "SKtestIG",
  "license" : "CC0-1.0",
  "fhirVersion" : ["5.0.0"],
  "dependsOn" : [{
    "id" : "hl7tx",
    "extension" : [{
      "url" : "http://hl7.org/fhir/tools/StructureDefinition/implementationguide-dependency-comment",
      "valueMarkdown" : "Automatically added as a dependency - all IGs depend on HL7 Terminology"
    }],
    "uri" : "http://terminology.hl7.org/ImplementationGuide/hl7.terminology",
    "packageId" : "hl7.terminology.r5",
    "version" : "6.5.0"
  },
  {
    "id" : "hl7ext",
    "extension" : [{
      "url" : "http://hl7.org/fhir/tools/StructureDefinition/implementationguide-dependency-comment",
      "valueMarkdown" : "Automatically added as a dependency - all IGs depend on the HL7 Extension Pack"
    }],
    "uri" : "http://hl7.org/fhir/extensions/ImplementationGuide/hl7.fhir.uv.extensions",
    "packageId" : "hl7.fhir.uv.extensions.r5",
    "version" : "5.2.0"
  }],
  "definition" : {
    "extension" : [{
      "url" : "http://hl7.org/fhir/tools/StructureDefinition/ig-internal-dependency",
      "valueCode" : "hl7.fhir.uv.tools.r5#0.8.0"
    }],
    "resource" : [{
      "extension" : [{
        "url" : "http://hl7.org/fhir/tools/StructureDefinition/resource-information",
        "valueString" : "ValueSet"
      }],
      "reference" : {
        "reference" : "ValueSet/admission-source-vs"
      },
      "name" : "Admission Sources ValueSet",
      "description" : "Defines the modes of transport or pathways by which the patient arrived.",
      "isExample" : false
    },
    {
      "extension" : [{
        "url" : "http://hl7.org/fhir/tools/StructureDefinition/resource-information",
        "valueString" : "StructureDefinition:resource"
      }],
      "reference" : {
        "reference" : "StructureDefinition/age-at-onset-observation-profile"
      },
      "name" : "Age at Stroke Onset Observation Profile (R5)",
      "description" : "Profile specifically for recording the patient's age at stroke onset.",
      "isExample" : false
    },
    {
      "extension" : [{
        "url" : "http://hl7.org/fhir/tools/StructureDefinition/resource-information",
        "valueString" : "Observation"
      }],
      "reference" : {
        "reference" : "Observation/AgeAtOnsetObservationExample"
      },
      "name" : "AgeAtOnsetObservationExample",
      "isExample" : true,
      "profile" : ["http://testSK.org/StructureDefinition/age-at-onset-observation-profile"]
    },
    {
      "extension" : [{
        "url" : "http://hl7.org/fhir/tools/StructureDefinition/resource-information",
        "valueString" : "CodeSystem"
      }],
      "reference" : {
        "reference" : "CodeSystem/assessment-context-cs"
      },
      "name" : "Assessment Context Code System",
      "description" : "Codes defining the context or timing of a clinical assessment, particularly functional scores.",
      "isExample" : false
    },
    {
      "extension" : [{
        "url" : "http://hl7.org/fhir/tools/StructureDefinition/resource-information",
        "valueString" : "ValueSet"
      }],
      "reference" : {
        "reference" : "ValueSet/assessment-context-vs"
      },
      "name" : "Assessment Context ValueSet",
      "description" : "ValueSet for assessment context codes (e.g., timing of functional scores).",
      "isExample" : false
    },
    {
      "extension" : [{
        "url" : "http://hl7.org/fhir/tools/StructureDefinition/resource-information",
        "valueString" : "ValueSet"
      }],
      "reference" : {
        "reference" : "ValueSet/afib-flutter-status-vs"
      },
      "name" : "Atrial Fibrillation or Flutter Status ValueSet",
      "description" : "ValueSet for the status of Atrial Fibrillation or Flutter assessment.",
      "isExample" : false
    },
    {
      "extension" : [{
        "url" : "http://hl7.org/fhir/tools/StructureDefinition/resource-information",
        "valueString" : "StructureDefinition:resource"
      }],
      "reference" : {
        "reference" : "StructureDefinition/base-stroke-observation"
      },
      "name" : "Base Profile for Stroke-Related Observations",
      "description" : "Constraints for observations recorded in the context of stroke care.",
      "isExample" : false
    },
    {
      "extension" : [{
        "url" : "http://hl7.org/fhir/tools/StructureDefinition/resource-information",
        "valueString" : "ValueSet"
      }],
      "reference" : {
        "reference" : "ValueSet/brain-imaging-modality-vs"
      },
      "name" : "Brain Imaging Modality ValueSet",
      "description" : "Defines the SNOMED CT codes for individual brain imaging modalities performed as procedures.",
      "isExample" : false
    },
    {
      "extension" : [{
        "url" : "http://hl7.org/fhir/tools/StructureDefinition/resource-information",
        "valueString" : "CodeSystem"
      }],
      "reference" : {
        "reference" : "CodeSystem/brain-imaging-type-cs"
      },
      "name" : "Brain Imaging Type Code System",
      "description" : "Codes specifying the type of brain imaging performed (e.g., CT, MRI).",
      "isExample" : false
    },
    {
      "extension" : [{
        "url" : "http://hl7.org/fhir/tools/StructureDefinition/resource-information",
        "valueString" : "ValueSet"
      }],
      "reference" : {
        "reference" : "ValueSet/carotid-imaging-modality-vs"
      },
      "name" : "Carotid Arteries Imaging Modality ValueSet",
      "description" : "Defines codes for different types of carotid artery imaging.",
      "isExample" : false
    },
    {
      "extension" : [{
        "url" : "http://hl7.org/fhir/tools/StructureDefinition/resource-information",
        "valueString" : "CodeSystem"
      }],
      "reference" : {
        "reference" : "CodeSystem/discharge-dept-cs"
      },
      "name" : "Discharge Department/Service Code System",
      "description" : "Code system specifying the type of department or service the patient was discharged or transferred to.",
      "isExample" : false
    },
    {
      "extension" : [{
        "url" : "http://hl7.org/fhir/tools/StructureDefinition/resource-information",
        "valueString" : "StructureDefinition:extension"
      }],
      "reference" : {
        "reference" : "StructureDefinition/discharge-department-service-ext"
      },
      "name" : "Discharge Department/Service Extension",
      "description" : "Specifies the type of department or service the patient was discharged or transferred to.",
      "isExample" : false
    },
    {
      "extension" : [{
        "url" : "http://hl7.org/fhir/tools/StructureDefinition/resource-information",
        "valueString" : "ValueSet"
      }],
      "reference" : {
        "reference" : "ValueSet/discharge-dept-vs"
      },
      "name" : "Discharge Department/Service ValueSet",
      "description" : "ValueSet specifying the type of department or service the patient was discharged or transferred to.",
      "isExample" : false
    },
    {
      "extension" : [{
        "url" : "http://hl7.org/fhir/tools/StructureDefinition/resource-information",
        "valueString" : "ValueSet"
      }],
      "reference" : {
        "reference" : "ValueSet/discharge-destination-vs"
      },
      "name" : "Discharge Destination ValueSet",
      "description" : "Defines possible patient discharge destinations.",
      "isExample" : false
    },
    {
      "extension" : [{
        "url" : "http://hl7.org/fhir/tools/StructureDefinition/resource-information",
        "valueString" : "StructureDefinition:resource"
      }],
      "reference" : {
        "reference" : "StructureDefinition/discharge-medication-request-profile"
      },
      "name" : "Discharge Medication Request Profile",
      "description" : "Represents a medication prescription made as part of the patient's discharge plan, categorized as community administration.",
      "isExample" : false
    },
    {
      "extension" : [{
        "url" : "http://hl7.org/fhir/tools/StructureDefinition/resource-information",
        "valueString" : "MedicationRequest"
      }],
      "reference" : {
        "reference" : "MedicationRequest/discharge-medication-request-001"
      },
      "name" : "DischargeMedicationRequest",
      "isExample" : true,
      "profile" : ["http://testSK.org/StructureDefinition/discharge-medication-request-profile"]
    },
    {
      "extension" : [{
        "url" : "http://hl7.org/fhir/tools/StructureDefinition/resource-information",
        "valueString" : "StructureDefinition:resource"
      }],
      "reference" : {
        "reference" : "StructureDefinition/encounter-provider-provenance"
      },
      "name" : "Encounter Provider Provenance Profile (R5)",
      "description" : "R5 Profile for Provenance resource linking the healthcare provider organization (agent) to the specific Encounter resource (target).",
      "isExample" : false
    },
    {
      "extension" : [{
        "url" : "http://hl7.org/fhir/tools/StructureDefinition/resource-information",
        "valueString" : "Provenance"
      }],
      "reference" : {
        "reference" : "Provenance/ExampleEncounterProviderProvenance"
      },
      "name" : "ExampleEncounterProviderProvenance",
      "isExample" : true,
      "profile" : ["http://testSK.org/StructureDefinition/encounter-provider-provenance"]
    },
    {
      "extension" : [{
        "url" : "http://hl7.org/fhir/tools/StructureDefinition/resource-information",
        "valueString" : "Organization"
      }],
      "reference" : {
        "reference" : "Organization/ExampleOrganization"
      },
      "name" : "ExampleOrganization",
      "isExample" : true
    },
    {
      "extension" : [{
        "url" : "http://hl7.org/fhir/tools/StructureDefinition/resource-information",
        "valueString" : "StructureDefinition:extension"
      }],
      "reference" : {
        "reference" : "StructureDefinition/first-hospital-ext"
      },
      "name" : "First Hospital Extension",
      "description" : "Indicates if the reporting hospital was the first medical facility to admit the patient for this stroke episode.",
      "isExample" : false
    },
    {
      "extension" : [{
        "url" : "http://hl7.org/fhir/tools/StructureDefinition/resource-information",
        "valueString" : "Observation"
      }],
      "reference" : {
        "reference" : "Observation/FunctionalScoreObservationExample"
      },
      "name" : "FunctionalScoreObservationExample",
      "isExample" : true,
      "profile" : ["http://testSK.org/StructureDefinition/functional-score-observation-profile"]
    },
    {
      "extension" : [{
        "url" : "http://hl7.org/fhir/tools/StructureDefinition/resource-information",
        "valueString" : "StructureDefinition:extension"
      }],
      "reference" : {
        "reference" : "StructureDefinition/gender-snomed-ext"
      },
      "name" : "Gender (SNOMED CT)",
      "description" : "Patient gender represented with SNOMED CT codes.",
      "isExample" : false
    },
    {
      "extension" : [{
        "url" : "http://hl7.org/fhir/tools/StructureDefinition/resource-information",
        "valueString" : "ValueSet"
      }],
      "reference" : {
        "reference" : "ValueSet/vs-gender-snomed"
      },
      "name" : "Gender (SNOMED CT)",
      "description" : "Value set to represent patient gender using SNOMED CT codes, analogous to AdministrativeGender.",
      "isExample" : false
    },
    {
      "extension" : [{
        "url" : "http://hl7.org/fhir/tools/StructureDefinition/resource-information",
        "valueString" : "CodeSystem"
      }],
      "reference" : {
        "reference" : "CodeSystem/hemorrhagic-stroke-bleeding-reason-cs"
      },
      "name" : "Hemorrhagic Stroke Bleeding Reason Code System",
      "description" : "Codes indicating the reason for bleeding in hemorrhagic stroke cases.",
      "isExample" : false
    },
    {
      "extension" : [{
        "url" : "http://hl7.org/fhir/tools/StructureDefinition/resource-information",
        "valueString" : "ValueSet"
      }],
      "reference" : {
        "reference" : "ValueSet/hemorrhagic-stroke-bleeding-reason-vs"
      },
      "name" : "Hemorrhagic Stroke Bleeding Reason ValueSet",
      "description" : "Specifies the identified cause of a hemorrhagic stroke, typically used with an extension.",
      "isExample" : false
    },
    {
      "extension" : [{
        "url" : "http://hl7.org/fhir/tools/StructureDefinition/resource-information",
        "valueString" : "StructureDefinition:extension"
      }],
      "reference" : {
        "reference" : "StructureDefinition/hemorrhagic-stroke-bleeding-reason-ext"
      },
      "name" : "HemorrhagicStrokeBleedingReasonExt",
      "isExample" : false
    },
    {
      "extension" : [{
        "url" : "http://hl7.org/fhir/tools/StructureDefinition/resource-information",
        "valueString" : "CodeSystem"
      }],
      "reference" : {
        "reference" : "CodeSystem/stroke-arrival-mode-cs"
      },
      "name" : "Initial Care Intensity Code System",
      "description" : "Codes indicating the level of care provided during the patient's initial day(s) in the hospital.",
      "isExample" : false
    },
    {
      "extension" : [{
        "url" : "http://hl7.org/fhir/tools/StructureDefinition/resource-information",
        "valueString" : "CodeSystem"
      }],
      "reference" : {
        "reference" : "CodeSystem/initial-care-intensity-cs"
      },
      "name" : "Initial Care Intensity Code System",
      "description" : "Codes indicating the level of care provided during the patient's initial day(s) in the hospital.",
      "isExample" : false
    },
    {
      "extension" : [{
        "url" : "http://hl7.org/fhir/tools/StructureDefinition/resource-information",
        "valueString" : "StructureDefinition:extension"
      }],
      "reference" : {
        "reference" : "StructureDefinition/initial-care-intensity-ext"
      },
      "name" : "Initial Care Intensity Extension",
      "description" : "Specifies the level of care provided during the patient's initial day(s) in the hospital (e.g., standard bed, monitored, ICU/Stroke Unit).",
      "isExample" : false
    },
    {
      "extension" : [{
        "url" : "http://hl7.org/fhir/tools/StructureDefinition/resource-information",
        "valueString" : "ValueSet"
      }],
      "reference" : {
        "reference" : "ValueSet/initial-care-intensity-vs"
      },
      "name" : "Initial Care Intensity ValueSet",
      "description" : "ValueSet indicating the level of care provided initially.",
      "isExample" : false
    },
    {
      "extension" : [{
        "url" : "http://hl7.org/fhir/tools/StructureDefinition/resource-information",
        "valueString" : "CodeSystem"
      }],
      "reference" : {
        "reference" : "CodeSystem/discharge-medication-cs"
      },
      "name" : "Medications CodeSystem",
      "description" : "Codes for drug products or substances representing the Medications on the patient discharge.",
      "isExample" : false
    },
    {
      "extension" : [{
        "url" : "http://hl7.org/fhir/tools/StructureDefinition/resource-information",
        "valueString" : "ValueSet"
      }],
      "reference" : {
        "reference" : "ValueSet/discharge-medication-vs"
      },
      "name" : "Medications ValueSet",
      "description" : "Codes for drug products or substances representing the Medications on the patient discharge.",
      "isExample" : false
    },
    {
      "extension" : [{
        "url" : "http://hl7.org/fhir/tools/StructureDefinition/resource-information",
        "valueString" : "CodeSystem"
      }],
      "reference" : {
        "reference" : "CodeSystem/medication-statement-cs"
      },
      "name" : "MedicationStatement CodeSystem",
      "description" : "Codes representing various medication-related procedures and findings (e.g., therapies, administration procedures, findings about use).",
      "isExample" : false
    },
    {
      "extension" : [{
        "url" : "http://hl7.org/fhir/tools/StructureDefinition/resource-information",
        "valueString" : "ValueSet"
      }],
      "reference" : {
        "reference" : "ValueSet/medicationStatement-meds-codes-vs"
      },
      "name" : "MedicationStatement Therapy/Finding Codes",
      "description" : "ValueSet containing SNOMED CT codes representing various medication-related procedures and findings (e.g., therapies, administration procedures, findings about use).",
      "isExample" : false
    },
    {
      "extension" : [{
        "url" : "http://hl7.org/fhir/tools/StructureDefinition/resource-information",
        "valueString" : "CodeSystem"
      }],
      "reference" : {
        "reference" : "CodeSystem/mrs-score-cs"
      },
      "name" : "modified Rankin Scale (mRS) Score Code System",
      "description" : "Codes representing the modified Rankin Scale (mRS) score for functional outcome.",
      "isExample" : false
    },
    {
      "extension" : [{
        "url" : "http://hl7.org/fhir/tools/StructureDefinition/resource-information",
        "valueString" : "ValueSet"
      }],
      "reference" : {
        "reference" : "ValueSet/mrs-score-vs"
      },
      "name" : "modified Rankin Scale (mRS) Score ValueSet",
      "description" : "ValueSet containing the codes for the modified Rankin Scale (mRS) score.",
      "isExample" : false
    },
    {
      "extension" : [{
        "url" : "http://hl7.org/fhir/tools/StructureDefinition/resource-information",
        "valueString" : "CodeSystem"
      }],
      "reference" : {
        "reference" : "CodeSystem/mtici-score-cs"
      },
      "name" : "mTICI Score Code System",
      "description" : "CodeSystem containing the codes to represent the mTICI score.",
      "isExample" : false
    },
    {
      "extension" : [{
        "url" : "http://hl7.org/fhir/tools/StructureDefinition/resource-information",
        "valueString" : "CodeSystem"
      }],
      "reference" : {
        "reference" : "CodeSystem/mtici-code-cs"
      },
      "name" : "mTICI Score Codes CodeSystem",
      "description" : "Codes representing the mTICI score used to assess the degree of reperfusion after a thrombectomy procedure.",
      "isExample" : false
    },
    {
      "extension" : [{
        "url" : "http://hl7.org/fhir/tools/StructureDefinition/resource-information",
        "valueString" : "ValueSet"
      }],
      "reference" : {
        "reference" : "ValueSet/mtici-code-vs"
      },
      "name" : "mTICI Score Codes ValueSet",
      "description" : "ValueSet containing the codes to represent the mTICI score used to assess the degree of reperfusion after a thrombectomy procedure.",
      "isExample" : false
    },
    {
      "extension" : [{
        "url" : "http://hl7.org/fhir/tools/StructureDefinition/resource-information",
        "valueString" : "ValueSet"
      }],
      "reference" : {
        "reference" : "ValueSet/mtici-score-vs"
      },
      "name" : "mTICI Score ValueSet",
      "description" : "ValueSet containing the codes to represent the mTICI score used to assess the degree of reperfusion after a thrombectomy procedure.",
      "isExample" : false
    },
    {
      "extension" : [{
        "url" : "http://hl7.org/fhir/tools/StructureDefinition/resource-information",
        "valueString" : "StructureDefinition:extension"
      }],
      "reference" : {
        "reference" : "StructureDefinition/observation-timing-context-ext"
      },
      "name" : "Observation Timing Context Extension",
      "description" : "Specifies the timing context or phase (e.g., pre-stroke, admission, discharge, 3-month) in which an observation or assessment was made.",
      "isExample" : false
    },
    {
      "extension" : [{
        "url" : "http://hl7.org/fhir/tools/StructureDefinition/resource-information",
        "valueString" : "StructureDefinition:extension"
      }],
      "reference" : {
        "reference" : "StructureDefinition/onset-date-ext"
      },
      "name" : "OnsetDateExt",
      "isExample" : false
    },
    {
      "extension" : [{
        "url" : "http://hl7.org/fhir/tools/StructureDefinition/resource-information",
        "valueString" : "StructureDefinition:extension"
      }],
      "reference" : {
        "reference" : "StructureDefinition/onset-time-ext"
      },
      "name" : "OnsetTimeExt",
      "isExample" : false
    },
    {
      "extension" : [{
        "url" : "http://hl7.org/fhir/tools/StructureDefinition/resource-information",
        "valueString" : "StructureDefinition:extension"
      }],
      "reference" : {
        "reference" : "StructureDefinition/patient-age-ext"
      },
      "name" : "Patient Age (integer)",
      "description" : "Patient age in years represented as an integer.",
      "isExample" : false
    },
    {
      "extension" : [{
        "url" : "http://hl7.org/fhir/tools/StructureDefinition/resource-information",
        "valueString" : "StructureDefinition:resource"
      }],
      "reference" : {
        "reference" : "StructureDefinition/patient-age-gender-snomed-profile"
      },
      "name" : "Patient with SNOMED Gender and Age (extensions)",
      "description" : "Profile that adds an integer age extension and a SNOMED-based gender extension.",
      "isExample" : false
    },
    {
      "extension" : [{
        "url" : "http://hl7.org/fhir/tools/StructureDefinition/resource-information",
        "valueString" : "Patient"
      }],
      "reference" : {
        "reference" : "Patient/PatientAgeGenderSnomedExample"
      },
      "name" : "PatientAgeGenderSnomedExample",
      "isExample" : true,
      "profile" : ["http://testSK.org/StructureDefinition/patient-age-gender-snomed-profile"]
    },
    {
      "extension" : [{
        "url" : "http://hl7.org/fhir/tools/StructureDefinition/resource-information",
        "valueString" : "Patient"
      }],
      "reference" : {
        "reference" : "Patient/example-patient"
      },
      "name" : "PatientExample",
      "isExample" : true
    },
    {
      "extension" : [{
        "url" : "http://hl7.org/fhir/tools/StructureDefinition/resource-information",
        "valueString" : "ValueSet"
      }],
      "reference" : {
        "reference" : "ValueSet/perforation-procedures-vs"
      },
      "name" : "Perforation Procedures ValueSet",
      "description" : "ValueSet containing SNOMED CT codes representing a range of perforation procedures.",
      "isExample" : false
    },
    {
      "extension" : [{
        "url" : "http://hl7.org/fhir/tools/StructureDefinition/resource-information",
        "valueString" : "StructureDefinition:resource"
      }],
      "reference" : {
        "reference" : "StructureDefinition/prior-medication-statement-profile"
      },
      "name" : "Prior Medication Statement Profile (R5)",
      "description" : "Represents a statement about the patient's medication use *before* the index event.",
      "isExample" : false
    },
    {
      "extension" : [{
        "url" : "http://hl7.org/fhir/tools/StructureDefinition/resource-information",
        "valueString" : "MedicationStatement"
      }],
      "reference" : {
        "reference" : "MedicationStatement/PriorMedicationStatementExample"
      },
      "name" : "PriorMedicationStatementExample",
      "isExample" : true,
      "profile" : ["http://testSK.org/StructureDefinition/prior-medication-statement-profile"]
    },
    {
      "extension" : [{
        "url" : "http://hl7.org/fhir/tools/StructureDefinition/resource-information",
        "valueString" : "CodeSystem"
      }],
      "reference" : {
        "reference" : "CodeSystem/procedure-timing-context-cs"
      },
      "name" : "Procedure Timing Context Code System",
      "description" : "Codes defining the timing phase of a procedure relative to the encounter start (e.g., acute vs. post-acute).",
      "isExample" : false
    },
    {
      "extension" : [{
        "url" : "http://hl7.org/fhir/tools/StructureDefinition/resource-information",
        "valueString" : "StructureDefinition:extension"
      }],
      "reference" : {
        "reference" : "StructureDefinition/procedure-timing-context-ext"
      },
      "name" : "Procedure Timing Context Extension",
      "description" : "Specifies the timing phase (e.g., acute, post-acute) in which the procedure was performed relative to the start of the encounter.",
      "isExample" : false
    },
    {
      "extension" : [{
        "url" : "http://hl7.org/fhir/tools/StructureDefinition/resource-information",
        "valueString" : "ValueSet"
      }],
      "reference" : {
        "reference" : "ValueSet/procedure-timing-context-vs"
      },
      "name" : "Procedure Timing Context ValueSet",
      "description" : "ValueSet for codes defining the timing phase of a procedure relative to the encounter start.",
      "isExample" : false
    },
    {
      "extension" : [{
        "url" : "http://hl7.org/fhir/tools/StructureDefinition/resource-information",
        "valueString" : "StructureDefinition:extension"
      }],
      "reference" : {
        "reference" : "StructureDefinition/required-post-acute-care-ext"
      },
      "name" : "Required Post-Acute Care Extension",
      "description" : "Indicates whether the patient required hospitalization beyond 24 hours after the designated acute phase of stroke care for this encounter.",
      "isExample" : false
    },
    {
      "extension" : [{
        "url" : "http://hl7.org/fhir/tools/StructureDefinition/resource-information",
        "valueString" : "ValueSet"
      }],
      "reference" : {
        "reference" : "ValueSet/specific-finding-codes-vs"
      },
      "name" : "Specific Stroke Finding Codes ValueSet",
      "description" : "Codes for specific clinical findings relevant to stroke (Afib/Flutter status, mTICI score).",
      "isExample" : false
    },
    {
      "extension" : [{
        "url" : "http://hl7.org/fhir/tools/StructureDefinition/resource-information",
        "valueString" : "ValueSet"
      }],
      "reference" : {
        "reference" : "ValueSet/stroke-finding-codes-vs"
      },
      "name" : "Specific Stroke Finding Codes ValueSet",
      "description" : "ValueSet for specific coded findings like Afib/Flutter status or mTICI score.",
      "isExample" : false
    },
    {
      "extension" : [{
        "url" : "http://hl7.org/fhir/tools/StructureDefinition/resource-information",
        "valueString" : "StructureDefinition:resource"
      }],
      "reference" : {
        "reference" : "StructureDefinition/specific-finding-observation-profile"
      },
      "name" : "Specific Stroke Finding Observation Profile (R5)",
      "description" : "Profile for specific coded findings like Afib/Flutter status or mTICI score.",
      "isExample" : false
    },
    {
      "extension" : [{
        "url" : "http://hl7.org/fhir/tools/StructureDefinition/resource-information",
        "valueString" : "Observation"
      }],
      "reference" : {
        "reference" : "Observation/SpecificFindingObservationExample"
      },
      "name" : "SpecificFindingObservationExample",
      "isExample" : true,
      "profile" : ["http://testSK.org/StructureDefinition/specific-finding-observation-profile"]
    },
    {
      "extension" : [{
        "url" : "http://hl7.org/fhir/tools/StructureDefinition/resource-information",
        "valueString" : "Observation"
      }],
      "reference" : {
        "reference" : "Observation/SpecificFindingObservationExampleMTICI"
      },
      "name" : "SpecificFindingObservationExampleMTICI",
      "isExample" : true,
      "profile" : ["http://testSK.org/StructureDefinition/specific-finding-observation-profile"]
    },
    {
      "extension" : [{
        "url" : "http://hl7.org/fhir/tools/StructureDefinition/resource-information",
        "valueString" : "ValueSet"
      }],
      "reference" : {
        "reference" : "ValueSet/stroke-arrival-mode-vs"
      },
      "name" : "Stroke Arrival Mode ValueSet",
      "description" : "ValueSet specifying the mode and origin of the patient's arrival.",
      "isExample" : false
    },
    {
      "extension" : [{
        "url" : "http://hl7.org/fhir/tools/StructureDefinition/resource-information",
        "valueString" : "StructureDefinition:resource"
      }],
      "reference" : {
        "reference" : "StructureDefinition/stroke-brain-imaging-procedure-profile"
      },
      "name" : "Stroke Brain Imaging Procedure Profile (R5)",
      "description" : "Procedure profile to record key stroke procedures, including status, timing, complications, reasons, and context.",
      "isExample" : false
    },
    {
      "extension" : [{
        "url" : "http://hl7.org/fhir/tools/StructureDefinition/resource-information",
        "valueString" : "StructureDefinition:resource"
      }],
      "reference" : {
        "reference" : "StructureDefinition/stroke-carotid-imaging-procedure-profile"
      },
      "name" : "Stroke Carotid Imaging Procedure Profile (R5)",
      "description" : "Procedure profile to record key stroke procedures, including status, timing, complications, reasons, and context.",
      "isExample" : false
    },
    {
      "extension" : [{
        "url" : "http://hl7.org/fhir/tools/StructureDefinition/resource-information",
        "valueString" : "CodeSystem"
      }],
      "reference" : {
        "reference" : "CodeSystem/stroke-circumstance-codes-cs"
      },
      "name" : "Stroke Circumstance Codes CodeSystem",
      "description" : "Codes for findings related to the circumstances of stroke onset (In-hospital, Wake-up).",
      "isExample" : false
    },
    {
      "extension" : [{
        "url" : "http://hl7.org/fhir/tools/StructureDefinition/resource-information",
        "valueString" : "ValueSet"
      }],
      "reference" : {
        "reference" : "ValueSet/stroke-circumstance-codes-vs"
      },
      "name" : "Stroke Circumstance Codes ValueSet",
      "description" : "Codes for findings related to the circumstances of stroke onset (In-hospital, Wake-up).",
      "isExample" : false
    },
    {
      "extension" : [{
        "url" : "http://hl7.org/fhir/tools/StructureDefinition/resource-information",
        "valueString" : "StructureDefinition:resource"
      }],
      "reference" : {
        "reference" : "StructureDefinition/stroke-circumstance-observation-profile"
      },
      "name" : "Stroke Circumstance Observation Profile (R5)",
      "description" : "Profile for recording findings about stroke onset circumstances (In-hospital, Wake-up).",
      "isExample" : false
    },
    {
      "extension" : [{
        "url" : "http://hl7.org/fhir/tools/StructureDefinition/resource-information",
        "valueString" : "StructureDefinition:resource"
      }],
      "reference" : {
        "reference" : "StructureDefinition/stroke-diagnosis-condition-profile"
      },
      "name" : "Stroke Diagnosis Condition Profile",
      "description" : "Represents the final diagnosis of the current stroke event.",
      "isExample" : false
    },
    {
      "extension" : [{
        "url" : "http://hl7.org/fhir/tools/StructureDefinition/resource-information",
        "valueString" : "ValueSet"
      }],
      "reference" : {
        "reference" : "ValueSet/stroke-diagnosis-vs"
      },
      "name" : "Stroke Diagnosis ValueSet",
      "description" : "Defines the SNOMED CT codes for final stroke diagnoses, including specific types and etiologies where applicable.",
      "isExample" : false
    },
    {
      "extension" : [{
        "url" : "http://hl7.org/fhir/tools/StructureDefinition/resource-information",
        "valueString" : "CodeSystem"
      }],
      "reference" : {
        "reference" : "CodeSystem/stroke-discharge-destination-cs"
      },
      "name" : "Stroke Discharge Destination Code System",
      "description" : "Codes indicating the possible destinations of the patient upon discharge from the encounter.",
      "isExample" : false
    },
    {
      "extension" : [{
        "url" : "http://hl7.org/fhir/tools/StructureDefinition/resource-information",
        "valueString" : "ValueSet"
      }],
      "reference" : {
        "reference" : "ValueSet/stroke-discharge-destination-vs"
      },
      "name" : "Stroke Discharge Destination ValueSet",
      "description" : "Defines the possible destinations of the patient upon discharge from the encounter.",
      "isExample" : false
    },
    {
      "extension" : [{
        "url" : "http://hl7.org/fhir/tools/StructureDefinition/resource-information",
        "valueString" : "StructureDefinition:resource"
      }],
      "reference" : {
        "reference" : "StructureDefinition/stroke-encounter-profile"
      },
      "name" : "Stroke Encounter Profile",
      "description" : "Profile for an Encounter resource representing a patient's hospital admission and stay for a stroke event, including key administrative and workflow details.",
      "isExample" : false
    },
    {
      "extension" : [{
        "url" : "http://hl7.org/fhir/tools/StructureDefinition/resource-information",
        "valueString" : "CodeSystem"
      }],
      "reference" : {
        "reference" : "CodeSystem/stroke-etiology-cs"
      },
      "name" : "Stroke Etiology Code System",
      "description" : "Codes indicating the etiology of strokes.",
      "isExample" : false
    },
    {
      "extension" : [{
        "url" : "http://hl7.org/fhir/tools/StructureDefinition/resource-information",
        "valueString" : "ValueSet"
      }],
      "reference" : {
        "reference" : "ValueSet/stroke-etiology-vs"
      },
      "name" : "Stroke Etiology ValueSet",
      "description" : "Specifies the determined etiology of an stroke.",
      "isExample" : false
    },
    {
      "extension" : [{
        "url" : "http://hl7.org/fhir/tools/StructureDefinition/resource-information",
        "valueString" : "ValueSet"
      }],
      "reference" : {
        "reference" : "ValueSet/functional-score-codes-vs"
      },
      "name" : "Stroke Functional Score Codes ValueSet",
      "description" : "Codes for key functional scores used in stroke (mRS, NIHSS).",
      "isExample" : false
    },
    {
      "extension" : [{
        "url" : "http://hl7.org/fhir/tools/StructureDefinition/resource-information",
        "valueString" : "StructureDefinition:resource"
      }],
      "reference" : {
        "reference" : "StructureDefinition/functional-score-observation-profile"
      },
      "name" : "Stroke Functional Score Observation Profile (R5, Timing Ext)",
      "description" : "Profile for recording functional scores (mRS, NIHSS), using an extension for timing context.",
      "isExample" : false
    },
    {
      "extension" : [{
        "url" : "http://hl7.org/fhir/tools/StructureDefinition/resource-information",
        "valueString" : "CodeSystem"
      }],
      "reference" : {
        "reference" : "CodeSystem/stroke-proc-not-done-reason-cs"
      },
      "name" : "Stroke Procedure Not Done Reason Code System",
      "description" : "Codes specifying the reason principal for not performing a key stroke procedure (Thrombolysis, Thrombectomy).",
      "isExample" : false
    },
    {
      "extension" : [{
        "url" : "http://hl7.org/fhir/tools/StructureDefinition/resource-information",
        "valueString" : "ValueSet"
      }],
      "reference" : {
        "reference" : "ValueSet/stroke-proc-not-done-reason-vs"
      },
      "name" : "Stroke Procedure Not Done Reason ValueSet",
      "description" : "ValueSet containing specific codes to indicate why thrombolysis or thrombectomy was not performed.",
      "isExample" : false
    },
    {
      "extension" : [{
        "url" : "http://hl7.org/fhir/tools/StructureDefinition/resource-information",
        "valueString" : "StructureDefinition:resource"
      }],
      "reference" : {
        "reference" : "StructureDefinition/stroke-risk-factor-condition-profile"
      },
      "name" : "Stroke Risk Factor Condition Profile",
      "description" : "Represents a known condition or risk factor relevant to stroke.",
      "isExample" : false
    },
    {
      "extension" : [{
        "url" : "http://hl7.org/fhir/tools/StructureDefinition/resource-information",
        "valueString" : "ValueSet"
      }],
      "reference" : {
        "reference" : "ValueSet/stroke-risk-factor-snomed-vs"
      },
      "name" : "Stroke Risk Factor ValueSet",
      "description" : "Defines the SNOMED CT codes for conditions or risk factors relevant to stroke.",
      "isExample" : false
    },
    {
      "extension" : [{
        "url" : "http://hl7.org/fhir/tools/StructureDefinition/resource-information",
        "valueString" : "ValueSet"
      }],
      "reference" : {
        "reference" : "ValueSet/stroke-risk-factor-vs"
      },
      "name" : "Stroke Risk Factor ValueSet",
      "description" : "Defines the SNOMED CT codes for conditions or risk factors relevant to stroke, including an option for unknown status.",
      "isExample" : false
    },
    {
      "extension" : [{
        "url" : "http://hl7.org/fhir/tools/StructureDefinition/resource-information",
        "valueString" : "StructureDefinition:resource"
      }],
      "reference" : {
        "reference" : "StructureDefinition/stroke-swallow-procedure-profile"
      },
      "name" : "Stroke Swallow Procedure Profile (R5)",
      "description" : "Procedure profile to record key stroke procedures, including status, timing, complications, reasons, and context.",
      "isExample" : false
    },
    {
      "extension" : [{
        "url" : "http://hl7.org/fhir/tools/StructureDefinition/resource-information",
        "valueString" : "StructureDefinition:resource"
      }],
      "reference" : {
        "reference" : "StructureDefinition/stroke-mechanical-procedure-profile"
      },
      "name" : "Stroke Thrombolysis Procedure Profile (R5)",
      "description" : "Procedure profile to record key stroke procedures, including status, timing, complications, reasons, and context.",
      "isExample" : false
    },
    {
      "extension" : [{
        "url" : "http://hl7.org/fhir/tools/StructureDefinition/resource-information",
        "valueString" : "ValueSet"
      }],
      "reference" : {
        "reference" : "ValueSet/timing-metric-codes-vs"
      },
      "name" : "Stroke Timing Metric Codes ValueSet",
      "description" : "ValueSet for key process timing metrics in acute stroke care (D2N, D2G).",
      "isExample" : false
    },
    {
      "extension" : [{
        "url" : "http://hl7.org/fhir/tools/StructureDefinition/resource-information",
        "valueString" : "CodeSystem"
      }],
      "reference" : {
        "reference" : "CodeSystem/timing-metric-codes-cs"
      },
      "name" : "Stroke Timing Metric Codes ValueSet",
      "description" : "Codes for key process timing metrics in acute stroke care (D2N, D2G).",
      "isExample" : false
    },
    {
      "extension" : [{
        "url" : "http://hl7.org/fhir/tools/StructureDefinition/resource-information",
        "valueString" : "StructureDefinition:resource"
      }],
      "reference" : {
        "reference" : "StructureDefinition/timing-metric-observation-profile"
      },
      "name" : "Stroke Timing Metric Observation Profile (R5)",
      "description" : "Profile for recording key process timing metrics (D2N, D2G).",
      "isExample" : false
    },
    {
      "extension" : [{
        "url" : "http://hl7.org/fhir/tools/StructureDefinition/resource-information",
        "valueString" : "ValueSet"
      }],
      "reference" : {
        "reference" : "ValueSet/vital-sign-codes-vs"
      },
      "name" : "Stroke Vital Sign Codes ValueSet",
      "description" : "Codes for key vital signs relevant to stroke assessment (Systolic, Diastolic BP).",
      "isExample" : false
    },
    {
      "extension" : [{
        "url" : "http://hl7.org/fhir/tools/StructureDefinition/resource-information",
        "valueString" : "StructureDefinition:resource"
      }],
      "reference" : {
        "reference" : "StructureDefinition/vital-sign-observation-profile"
      },
      "name" : "Stroke Vital Sign Observation Profile (R5)",
      "description" : "Profile for recording key vital signs (Systolic/Diastolic BP) in stroke patients.",
      "isExample" : false
    },
    {
      "extension" : [{
        "url" : "http://hl7.org/fhir/tools/StructureDefinition/resource-information",
        "valueString" : "Procedure"
      }],
      "reference" : {
        "reference" : "Procedure/StrokeBrainImagingExample"
      },
      "name" : "StrokeBrainImagingExample",
      "isExample" : true,
      "profile" : ["http://testSK.org/StructureDefinition/stroke-brain-imaging-procedure-profile"]
    },
    {
      "extension" : [{
        "url" : "http://hl7.org/fhir/tools/StructureDefinition/resource-information",
        "valueString" : "Procedure"
      }],
      "reference" : {
        "reference" : "Procedure/StrokeCarotidImagingExample"
      },
      "name" : "StrokeCarotidImagingExample",
      "isExample" : true,
      "profile" : ["http://testSK.org/StructureDefinition/stroke-carotid-imaging-procedure-profile"]
    },
    {
      "extension" : [{
        "url" : "http://hl7.org/fhir/tools/StructureDefinition/resource-information",
        "valueString" : "Observation"
      }],
      "reference" : {
        "reference" : "Observation/StrokeCircumstanceObservationExampleWakeUp"
      },
      "name" : "StrokeCircumstanceObservationExampleWakeUp",
      "isExample" : true,
      "profile" : ["http://testSK.org/StructureDefinition/stroke-circumstance-observation-profile"]
    },
    {
      "extension" : [{
        "url" : "http://hl7.org/fhir/tools/StructureDefinition/resource-information",
        "valueString" : "Condition"
      }],
      "reference" : {
        "reference" : "Condition/StrokeDiagnosisConditionAFib"
      },
      "name" : "StrokeDiagnosisConditionAFib",
      "isExample" : true,
      "profile" : ["http://testSK.org/StructureDefinition/stroke-risk-factor-condition-profile"]
    },
    {
      "extension" : [{
        "url" : "http://hl7.org/fhir/tools/StructureDefinition/resource-information",
        "valueString" : "Condition"
      }],
      "reference" : {
        "reference" : "Condition/StrokeDiagnosisConditionAFlutter"
      },
      "name" : "StrokeDiagnosisConditionAFlutter",
      "isExample" : true,
      "profile" : ["http://testSK.org/StructureDefinition/stroke-risk-factor-condition-profile"]
    },
    {
      "extension" : [{
        "url" : "http://hl7.org/fhir/tools/StructureDefinition/resource-information",
        "valueString" : "Condition"
      }],
      "reference" : {
        "reference" : "Condition/StrokeDiagnosisConditionExample"
      },
      "name" : "StrokeDiagnosisConditionExample",
      "isExample" : true,
      "profile" : ["http://testSK.org/StructureDefinition/stroke-diagnosis-condition-profile"]
    },
    {
      "extension" : [{
        "url" : "http://hl7.org/fhir/tools/StructureDefinition/resource-information",
        "valueString" : "Encounter"
      }],
      "reference" : {
        "reference" : "Encounter/StrokeEncounterExample"
      },
      "name" : "StrokeEncounterExample",
      "isExample" : true,
      "profile" : ["http://testSK.org/StructureDefinition/stroke-encounter-profile"]
    },
    {
      "extension" : [{
        "url" : "http://hl7.org/fhir/tools/StructureDefinition/resource-information",
        "valueString" : "Condition"
      }],
      "reference" : {
        "reference" : "Condition/StrokeRiskFactorConditionExample"
      },
      "name" : "StrokeRiskFactorConditionExample",
      "isExample" : true,
      "profile" : ["http://testSK.org/StructureDefinition/stroke-risk-factor-condition-profile"]
    },
    {
      "extension" : [{
        "url" : "http://hl7.org/fhir/tools/StructureDefinition/resource-information",
        "valueString" : "StructureDefinition:extension"
      }],
      "reference" : {
        "reference" : "StructureDefinition/ischemic-stroke-etiology-ext"
      },
      "name" : "StrokeStrokeEtiologyExt",
      "isExample" : false
    },
    {
      "extension" : [{
        "url" : "http://hl7.org/fhir/tools/StructureDefinition/resource-information",
        "valueString" : "Procedure"
      }],
      "reference" : {
        "reference" : "Procedure/StrokeSwallowingExample"
      },
      "name" : "StrokeSwallowingExample",
      "isExample" : true,
      "profile" : ["http://testSK.org/StructureDefinition/stroke-swallow-procedure-profile"]
    },
    {
      "extension" : [{
        "url" : "http://hl7.org/fhir/tools/StructureDefinition/resource-information",
        "valueString" : "Procedure"
      }],
      "reference" : {
        "reference" : "Procedure/StrokeThrombolysisExample"
      },
      "name" : "StrokeThrombolysisExample",
      "isExample" : true,
      "profile" : ["http://testSK.org/StructureDefinition/stroke-mechanical-procedure-profile"]
    },
    {
      "extension" : [{
        "url" : "http://hl7.org/fhir/tools/StructureDefinition/resource-information",
        "valueString" : "CodeSystem"
      }],
      "reference" : {
        "reference" : "CodeSystem/swallow-procedures-cs"
      },
      "name" : "Swallow Procedures Code System",
      "description" : "Codes representing various swallowing assessment procedures.",
      "isExample" : false
    },
    {
      "extension" : [{
        "url" : "http://hl7.org/fhir/tools/StructureDefinition/resource-information",
        "valueString" : "ValueSet"
      }],
      "reference" : {
        "reference" : "ValueSet/swallow-procedures-vs"
      },
      "name" : "Swallow Procedures ValueSet",
      "description" : "ValueSet containing SNOMED CT codes representing a range of procedures used in the evaluation and management of stroke patients.",
      "isExample" : false
    },
    {
      "extension" : [{
        "url" : "http://hl7.org/fhir/tools/StructureDefinition/resource-information",
        "valueString" : "StructureDefinition:extension"
      }],
      "reference" : {
        "reference" : "StructureDefinition/swallowing-screening-timing-category-ext"
      },
      "name" : "Swallowing Screening Timing Category",
      "description" : "Temporal category relative to stroke onset in which the swallowing screening was performed.",
      "isExample" : false
    },
    {
      "extension" : [{
        "url" : "http://hl7.org/fhir/tools/StructureDefinition/resource-information",
        "valueString" : "CodeSystem"
      }],
      "reference" : {
        "reference" : "CodeSystem/swallow-screen-time-cs"
      },
      "name" : "Swallowing Screening Timing Category Code System",
      "description" : "Temporal categories relative to stroke onset for swallowing screening.",
      "isExample" : false
    },
    {
      "extension" : [{
        "url" : "http://hl7.org/fhir/tools/StructureDefinition/resource-information",
        "valueString" : "ValueSet"
      }],
      "reference" : {
        "reference" : "ValueSet/swallowing-screening-timing-category-vs"
      },
      "name" : "Swallowing Screening Timing Category ValueSet",
      "description" : "Temporal categories relative to stroke onset for swallowing screening.",
      "isExample" : false
    },
    {
      "extension" : [{
        "url" : "http://hl7.org/fhir/tools/StructureDefinition/resource-information",
        "valueString" : "CodeSystem"
      }],
      "reference" : {
        "reference" : "CodeSystem/thrombectomy-complication-cs"
      },
      "name" : "Thrombectomy Complication Code System",
      "description" : "Codes specifying the specific complications of thrombectomy to record.",
      "isExample" : false
    },
    {
      "extension" : [{
        "url" : "http://hl7.org/fhir/tools/StructureDefinition/resource-information",
        "valueString" : "ValueSet"
      }],
      "reference" : {
        "reference" : "ValueSet/thrombectomy-complication-vs"
      },
      "name" : "Thrombectomy Complication ValueSet",
      "description" : "Defines the specific complications of thrombectomy to record.",
      "isExample" : false
    },
    {
      "extension" : [{
        "url" : "http://hl7.org/fhir/tools/StructureDefinition/resource-information",
        "valueString" : "Observation"
      }],
      "reference" : {
        "reference" : "Observation/TimingMetricObservationExample"
      },
      "name" : "TimingMetricObservationExample",
      "isExample" : true,
      "profile" : ["http://testSK.org/StructureDefinition/timing-metric-observation-profile"]
    },
    {
      "extension" : [{
        "url" : "http://hl7.org/fhir/tools/StructureDefinition/resource-information",
        "valueString" : "Observation"
      }],
      "reference" : {
        "reference" : "Observation/VitalSignObservationExample"
      },
      "name" : "VitalSignObservationExample",
      "isExample" : true,
      "profile" : ["http://testSK.org/StructureDefinition/vital-sign-observation-profile"]
    }],
    "page" : {
      "sourceUrl" : "toc.html",
      "name" : "toc.html",
      "title" : "Table of Contents",
      "generation" : "html",
      "page" : [{
        "sourceUrl" : "index.html",
        "name" : "index.html",
        "title" : "Index",
        "generation" : "markdown"
      },
      {
        "sourceUrl" : "conformance.html",
        "name" : "conformance.html",
        "title" : "Conformance",
        "generation" : "markdown"
      },
      {
        "sourceUrl" : "guidance.html",
        "name" : "guidance.html",
        "title" : "Guidance",
        "generation" : "markdown"
      },
      {
        "sourceUrl" : "downloads.html",
        "name" : "downloads.html",
        "title" : "Downloads",
        "generation" : "markdown"
      },
      {
        "sourceUrl" : "history.html",
        "name" : "history.html",
        "title" : "History",
        "generation" : "markdown"
      },
      {
        "sourceUrl" : "profiles.html",
        "name" : "profiles.html",
        "title" : "Profiles",
        "generation" : "markdown"
      },
      {
        "sourceUrl" : "codesystems.html",
        "name" : "codesystems.html",
        "title" : "Codesystems",
        "generation" : "markdown"
      },
      {
        "sourceUrl" : "valuesets.html",
        "name" : "valuesets.html",
        "title" : "Valuesets",
        "generation" : "markdown"
      },
      {
        "sourceUrl" : "examples.html",
        "name" : "examples.html",
        "title" : "Examples",
        "generation" : "markdown"
      },
      {
        "sourceUrl" : "terminology.html",
        "name" : "terminology.html",
        "title" : "Terminology",
        "generation" : "markdown"
      },
      {
        "sourceUrl" : "profiles-AgeAtOnsetObservationProfile.html",
        "name" : "profiles-AgeAtOnsetObservationProfile.html",
        "title" : "Profiles Age At Onset Observation Profile",
        "generation" : "markdown"
      },
      {
        "sourceUrl" : "profiles-BaseStrokeObservation.html",
        "name" : "profiles-BaseStrokeObservation.html",
        "title" : "Profiles Base Stroke Observation",
        "generation" : "markdown"
      },
      {
        "sourceUrl" : "profiles-DischargeMedicationRequestProfile.html",
        "name" : "profiles-DischargeMedicationRequestProfile.html",
        "title" : "Profiles Discharge Medication Request Profile",
        "generation" : "markdown"
      },
      {
        "sourceUrl" : "profiles-FunctionalScoreObservationProfile.html",
        "name" : "profiles-FunctionalScoreObservationProfile.html",
        "title" : "Profiles Functional Score Observation Profile",
        "generation" : "markdown"
      },
      {
        "sourceUrl" : "profiles-MedicationStatementProfile.html",
        "name" : "profiles-MedicationStatementProfile.html",
        "title" : "Profiles Medication Statement Profile",
        "generation" : "markdown"
      },
      {
        "sourceUrl" : "profiles-PatientProfile.html",
        "name" : "profiles-PatientProfile.html",
        "title" : "Profiles Patient Profile",
        "generation" : "markdown"
      },
      {
        "sourceUrl" : "profiles-ProviderProfile.html",
        "name" : "profiles-ProviderProfile.html",
        "title" : "Profiles Provider Profile",
        "generation" : "markdown"
      },
      {
        "sourceUrl" : "profiles-StrokeBrainImagingProcedureProfile.html",
        "name" : "profiles-StrokeBrainImagingProcedureProfile.html",
        "title" : "Profiles Stroke Brain Imaging Procedure Profile",
        "generation" : "markdown"
      },
      {
        "sourceUrl" : "profiles-StrokeCarotidImagingProcedureProfile.html",
        "name" : "profiles-StrokeCarotidImagingProcedureProfile.html",
        "title" : "Profiles Stroke Carotid Imaging Procedure Profile",
        "generation" : "markdown"
      },
      {
        "sourceUrl" : "profiles-StrokeCirumstanceObservationProfile.html",
        "name" : "profiles-StrokeCirumstanceObservationProfile.html",
        "title" : "Profiles Stroke Cirumstance Observation Profile",
        "generation" : "markdown"
      },
      {
        "sourceUrl" : "profiles-StrokeDiagnosisConditionProfile.html",
        "name" : "profiles-StrokeDiagnosisConditionProfile.html",
        "title" : "Profiles Stroke Diagnosis Condition Profile",
        "generation" : "markdown"
      },
      {
        "sourceUrl" : "profiles-StrokeEncounterProfile.html",
        "name" : "profiles-StrokeEncounterProfile.html",
        "title" : "Profiles Stroke Encounter Profile",
        "generation" : "markdown"
      },
      {
        "sourceUrl" : "profiles-StrokeFindingObservation.html",
        "name" : "profiles-StrokeFindingObservation.html",
        "title" : "Profiles Stroke Finding Observation",
        "generation" : "markdown"
      },
      {
        "sourceUrl" : "profiles-StrokeRiskFactorConditionProfile.html",
        "name" : "profiles-StrokeRiskFactorConditionProfile.html",
        "title" : "Profiles Stroke Risk Factor Condition Profile",
        "generation" : "markdown"
      },
      {
        "sourceUrl" : "profiles-StrokeSwallowProcedureProfile.html",
        "name" : "profiles-StrokeSwallowProcedureProfile.html",
        "title" : "Profiles Stroke Swallow Procedure Profile",
        "generation" : "markdown"
      },
      {
        "sourceUrl" : "profiles-StrokeThrombolysisProcedureProfile.html",
        "name" : "profiles-StrokeThrombolysisProcedureProfile.html",
        "title" : "Profiles Stroke Thrombolysis Procedure Profile",
        "generation" : "markdown"
      },
      {
        "sourceUrl" : "profiles-TimingMetricObservationProfile.html",
        "name" : "profiles-TimingMetricObservationProfile.html",
        "title" : "Profiles Timing Metric Observation Profile",
        "generation" : "markdown"
      },
      {
        "sourceUrl" : "profiles-VitalSignObservationProfile.html",
        "name" : "profiles-VitalSignObservationProfile.html",
        "title" : "Profiles Vital Sign Observation Profile",
        "generation" : "markdown"
      },
      {
        "sourceUrl" : "codesystems-AssesmentContextCS.html",
        "name" : "codesystems-AssesmentContextCS.html",
        "title" : "Codesystems Assesment Context CS",
        "generation" : "markdown"
      },
      {
        "sourceUrl" : "codesystems-BrainImagingTypeCS.html",
        "name" : "codesystems-BrainImagingTypeCS.html",
        "title" : "Codesystems Brain Imaging Type CS",
        "generation" : "markdown"
      },
      {
        "sourceUrl" : "codesystems-DischargeDeptCS.html",
        "name" : "codesystems-DischargeDeptCS.html",
        "title" : "Codesystems Discharge Dept CS",
        "generation" : "markdown"
      },
      {
        "sourceUrl" : "codesystems-DischargeMedicationCS.html",
        "name" : "codesystems-DischargeMedicationCS.html",
        "title" : "Codesystems Discharge Medication CS",
        "generation" : "markdown"
      },
      {
        "sourceUrl" : "codesystems-HemorragicStrokeBleedingReasonCS.html",
        "name" : "codesystems-HemorragicStrokeBleedingReasonCS.html",
        "title" : "Codesystems Hemorragic Stroke Bleeding Reason CS",
        "generation" : "markdown"
      },
      {
        "sourceUrl" : "codesystems-InitialCareIntensityCS.html",
        "name" : "codesystems-InitialCareIntensityCS.html",
        "title" : "Codesystems Initial Care Intensity CS",
        "generation" : "markdown"
      },
      {
        "sourceUrl" : "codesystems-MedicationStatementCS.html",
        "name" : "codesystems-MedicationStatementCS.html",
        "title" : "Codesystems Medication Statement CS",
        "generation" : "markdown"
      },
      {
        "sourceUrl" : "codesystems-MRsScoreCS.html",
        "name" : "codesystems-MRsScoreCS.html",
        "title" : "Codesystems M Rs Score CS",
        "generation" : "markdown"
      },
      {
        "sourceUrl" : "codesystems-mTiciCodeCS.html",
        "name" : "codesystems-mTiciCodeCS.html",
        "title" : "Codesystems M Tici Code CS",
        "generation" : "markdown"
      },
      {
        "sourceUrl" : "codesystems-MticiScoreCS.html",
        "name" : "codesystems-MticiScoreCS.html",
        "title" : "Codesystems Mtici Score CS",
        "generation" : "markdown"
      },
      {
        "sourceUrl" : "codesystems-ProcedureTimingContextCS.html",
        "name" : "codesystems-ProcedureTimingContextCS.html",
        "title" : "Codesystems Procedure Timing Context CS",
        "generation" : "markdown"
      },
      {
        "sourceUrl" : "codesystems-StrokeArrivalModeCS.html",
        "name" : "codesystems-StrokeArrivalModeCS.html",
        "title" : "Codesystems Stroke Arrival Mode CS",
        "generation" : "markdown"
      },
      {
        "sourceUrl" : "codesystems-StrokeCircumstanceCodesCS.html",
        "name" : "codesystems-StrokeCircumstanceCodesCS.html",
        "title" : "Codesystems Stroke Circumstance Codes CS",
        "generation" : "markdown"
      },
      {
        "sourceUrl" : "codesystems-StrokeDischargeDestinationCS.html",
        "name" : "codesystems-StrokeDischargeDestinationCS.html",
        "title" : "Codesystems Stroke Discharge Destination CS",
        "generation" : "markdown"
      },
      {
        "sourceUrl" : "codesystems-StrokeEtiologyCS.html",
        "name" : "codesystems-StrokeEtiologyCS.html",
        "title" : "Codesystems Stroke Etiology CS",
        "generation" : "markdown"
      },
      {
        "sourceUrl" : "codesystems-StrokeProcNotDoneReasonCS.html",
        "name" : "codesystems-StrokeProcNotDoneReasonCS.html",
        "title" : "Codesystems Stroke Proc Not Done Reason CS",
        "generation" : "markdown"
      },
      {
        "sourceUrl" : "codesystems-SwallowProceduresCS.html",
        "name" : "codesystems-SwallowProceduresCS.html",
        "title" : "Codesystems Swallow Procedures CS",
        "generation" : "markdown"
      },
      {
        "sourceUrl" : "codesystems-SwallowScreenTimeCS.html",
        "name" : "codesystems-SwallowScreenTimeCS.html",
        "title" : "Codesystems Swallow Screen Time CS",
        "generation" : "markdown"
      },
      {
        "sourceUrl" : "codesystems-ThrombectomyComplicationCS.html",
        "name" : "codesystems-ThrombectomyComplicationCS.html",
        "title" : "Codesystems Thrombectomy Complication CS",
        "generation" : "markdown"
      },
      {
        "sourceUrl" : "codesystems-TimingMetricCodesCS.html",
        "name" : "codesystems-TimingMetricCodesCS.html",
        "title" : "Codesystems Timing Metric Codes CS",
        "generation" : "markdown"
      },
      {
        "sourceUrl" : "valuesets-AdmissionSourceVS.html",
        "name" : "valuesets-AdmissionSourceVS.html",
        "title" : "Valuesets Admission Source VS",
        "generation" : "markdown"
      },
      {
        "sourceUrl" : "valuesets-AfibFlutterStatusVS.html",
        "name" : "valuesets-AfibFlutterStatusVS.html",
        "title" : "Valuesets Afib Flutter Status VS",
        "generation" : "markdown"
      },
      {
        "sourceUrl" : "valuesets-AssesmentContextVS.html",
        "name" : "valuesets-AssesmentContextVS.html",
        "title" : "Valuesets Assesment Context VS",
        "generation" : "markdown"
      },
      {
        "sourceUrl" : "valuesets-BrainImagingModalityVS.html",
        "name" : "valuesets-BrainImagingModalityVS.html",
        "title" : "Valuesets Brain Imaging Modality VS",
        "generation" : "markdown"
      },
      {
        "sourceUrl" : "valuesets-CarotidImagingModalityVS.html",
        "name" : "valuesets-CarotidImagingModalityVS.html",
        "title" : "Valuesets Carotid Imaging Modality VS",
        "generation" : "markdown"
      },
      {
        "sourceUrl" : "valuesets-DischargeDeptVS.html",
        "name" : "valuesets-DischargeDeptVS.html",
        "title" : "Valuesets Discharge Dept VS",
        "generation" : "markdown"
      },
      {
        "sourceUrl" : "valuesets-DischargeDestinationVS.html",
        "name" : "valuesets-DischargeDestinationVS.html",
        "title" : "Valuesets Discharge Destination VS",
        "generation" : "markdown"
      },
      {
        "sourceUrl" : "valuesets-DischargeMedicationVS.html",
        "name" : "valuesets-DischargeMedicationVS.html",
        "title" : "Valuesets Discharge Medication VS",
        "generation" : "markdown"
      },
      {
        "sourceUrl" : "valuesets-FunctionalScoreCodesVS.html",
        "name" : "valuesets-FunctionalScoreCodesVS.html",
        "title" : "Valuesets Functional Score Codes VS",
        "generation" : "markdown"
      },
      {
        "sourceUrl" : "valuesets-GenderSNOMEDVS.html",
        "name" : "valuesets-GenderSNOMEDVS.html",
        "title" : "Valuesets Gender SNOMEDVS",
        "generation" : "markdown"
      },
      {
        "sourceUrl" : "valuesets-HemorrhagicStrokeBleedingReasonVS.html",
        "name" : "valuesets-HemorrhagicStrokeBleedingReasonVS.html",
        "title" : "Valuesets Hemorrhagic Stroke Bleeding Reason VS",
        "generation" : "markdown"
      },
      {
        "sourceUrl" : "valuesets-InitialCareIntensityVS.html",
        "name" : "valuesets-InitialCareIntensityVS.html",
        "title" : "Valuesets Initial Care Intensity VS",
        "generation" : "markdown"
      },
      {
        "sourceUrl" : "valuesets-MedicationStatementMedsCodesVS.html",
        "name" : "valuesets-MedicationStatementMedsCodesVS.html",
        "title" : "Valuesets Medication Statement Meds Codes VS",
        "generation" : "markdown"
      },
      {
        "sourceUrl" : "valuesets-MRsScoreVS.html",
        "name" : "valuesets-MRsScoreVS.html",
        "title" : "Valuesets M Rs Score VS",
        "generation" : "markdown"
      },
      {
        "sourceUrl" : "valuesets-mTiciCodeVS.html",
        "name" : "valuesets-mTiciCodeVS.html",
        "title" : "Valuesets M Tici Code VS",
        "generation" : "markdown"
      },
      {
        "sourceUrl" : "valuesets-MticiScoreVS.html",
        "name" : "valuesets-MticiScoreVS.html",
        "title" : "Valuesets Mtici Score VS",
        "generation" : "markdown"
      },
      {
        "sourceUrl" : "valuesets-PerforationProceduresVS.html",
        "name" : "valuesets-PerforationProceduresVS.html",
        "title" : "Valuesets Perforation Procedures VS",
        "generation" : "markdown"
      },
      {
        "sourceUrl" : "valuesets-ProcedureTimingContextVS.html",
        "name" : "valuesets-ProcedureTimingContextVS.html",
        "title" : "Valuesets Procedure Timing Context VS",
        "generation" : "markdown"
      },
      {
        "sourceUrl" : "valuesets-SpecificFindingCodesVS.html",
        "name" : "valuesets-SpecificFindingCodesVS.html",
        "title" : "Valuesets Specific Finding Codes VS",
        "generation" : "markdown"
      },
      {
        "sourceUrl" : "valuesets-StrokeArrivalModeVS.html",
        "name" : "valuesets-StrokeArrivalModeVS.html",
        "title" : "Valuesets Stroke Arrival Mode VS",
        "generation" : "markdown"
      },
      {
        "sourceUrl" : "valuesets-StrokeCircumstanceVS.html",
        "name" : "valuesets-StrokeCircumstanceVS.html",
        "title" : "Valuesets Stroke Circumstance VS",
        "generation" : "markdown"
      },
      {
        "sourceUrl" : "valuesets-StrokeDiagnosisVS.html",
        "name" : "valuesets-StrokeDiagnosisVS.html",
        "title" : "Valuesets Stroke Diagnosis VS",
        "generation" : "markdown"
      },
      {
        "sourceUrl" : "valuesets-StrokeDischargeDestinationVS.html",
        "name" : "valuesets-StrokeDischargeDestinationVS.html",
        "title" : "Valuesets Stroke Discharge Destination VS",
        "generation" : "markdown"
      },
      {
        "sourceUrl" : "valuesets-StrokeEtiologyVS.html",
        "name" : "valuesets-StrokeEtiologyVS.html",
        "title" : "Valuesets Stroke Etiology VS",
        "generation" : "markdown"
      },
      {
        "sourceUrl" : "valuesets-StrokeFindingCodesVS.html",
        "name" : "valuesets-StrokeFindingCodesVS.html",
        "title" : "Valuesets Stroke Finding Codes VS",
        "generation" : "markdown"
      },
      {
        "sourceUrl" : "valuesets-StrokeProcNotDoneReasonVS.html",
        "name" : "valuesets-StrokeProcNotDoneReasonVS.html",
        "title" : "Valuesets Stroke Proc Not Done Reason VS",
        "generation" : "markdown"
      },
      {
        "sourceUrl" : "valuesets-StrokeRiskFactorSNOMEDVS.html",
        "name" : "valuesets-StrokeRiskFactorSNOMEDVS.html",
        "title" : "Valuesets Stroke Risk Factor SNOMEDVS",
        "generation" : "markdown"
      },
      {
        "sourceUrl" : "valuesets-StrokeRiskFactorVS.html",
        "name" : "valuesets-StrokeRiskFactorVS.html",
        "title" : "Valuesets Stroke Risk Factor VS",
        "generation" : "markdown"
      },
      {
        "sourceUrl" : "valuesets-SwallowingScreeningTimingCategoryVS.html",
        "name" : "valuesets-SwallowingScreeningTimingCategoryVS.html",
        "title" : "Valuesets Swallowing Screening Timing Category VS",
        "generation" : "markdown"
      },
      {
        "sourceUrl" : "valuesets-SwallowProceduresVS.html",
        "name" : "valuesets-SwallowProceduresVS.html",
        "title" : "Valuesets Swallow Procedures VS",
        "generation" : "markdown"
      },
      {
        "sourceUrl" : "valuesets-ThrombectomyComplicationVS.html",
        "name" : "valuesets-ThrombectomyComplicationVS.html",
        "title" : "Valuesets Thrombectomy Complication VS",
        "generation" : "markdown"
      },
      {
        "sourceUrl" : "valuesets-TimingMetricCodesVS.html",
        "name" : "valuesets-TimingMetricCodesVS.html",
        "title" : "Valuesets Timing Metric Codes VS",
        "generation" : "markdown"
      },
      {
        "sourceUrl" : "valuesets-VitalSignCodesVS.html",
        "name" : "valuesets-VitalSignCodesVS.html",
        "title" : "Valuesets Vital Sign Codes VS",
        "generation" : "markdown"
      }]
    },
    "parameter" : [{
      "code" : {
        "system" : "http://hl7.org/fhir/tools/CodeSystem/ig-parameters",
        "code" : "copyrightyear"
      },
      "value" : "2025+"
    },
    {
      "code" : {
        "system" : "http://hl7.org/fhir/tools/CodeSystem/ig-parameters",
        "code" : "releaselabel"
      },
      "value" : "5"
    },
    {
      "code" : {
        "system" : "http://hl7.org/fhir/tools/CodeSystem/ig-parameters",
        "code" : "broken-links"
      },
      "value" : "warning"
    },
    {
      "code" : {
        "system" : "http://hl7.org/fhir/tools/CodeSystem/ig-parameters",
        "code" : "check-urls"
      },
      "value" : "true"
    },
    {
      "code" : {
        "system" : "http://hl7.org/fhir/tools/CodeSystem/ig-parameters",
        "code" : "excludettl"
      },
      "value" : "true"
    },
    {
      "code" : {
        "system" : "http://hl7.org/fhir/tools/CodeSystem/ig-parameters",
        "code" : "autoload-resources"
      },
      "value" : "true"
    },
    {
      "code" : {
        "system" : "http://hl7.org/fhir/guide-parameter-code",
        "code" : "path-resource"
      },
      "value" : "input/capabilities"
    },
    {
      "code" : {
        "system" : "http://hl7.org/fhir/guide-parameter-code",
        "code" : "path-resource"
      },
      "value" : "input/examples"
    },
    {
      "code" : {
        "system" : "http://hl7.org/fhir/guide-parameter-code",
        "code" : "path-resource"
      },
      "value" : "input/extensions"
    },
    {
      "code" : {
        "system" : "http://hl7.org/fhir/guide-parameter-code",
        "code" : "path-resource"
      },
      "value" : "input/models"
    },
    {
      "code" : {
        "system" : "http://hl7.org/fhir/guide-parameter-code",
        "code" : "path-resource"
      },
      "value" : "input/operations"
    },
    {
      "code" : {
        "system" : "http://hl7.org/fhir/guide-parameter-code",
        "code" : "path-resource"
      },
      "value" : "input/profiles"
    },
    {
      "code" : {
        "system" : "http://hl7.org/fhir/guide-parameter-code",
        "code" : "path-resource"
      },
      "value" : "input/resources"
    },
    {
      "code" : {
        "system" : "http://hl7.org/fhir/guide-parameter-code",
        "code" : "path-resource"
      },
      "value" : "input/vocabulary"
    },
    {
      "code" : {
        "system" : "http://hl7.org/fhir/guide-parameter-code",
        "code" : "path-resource"
      },
      "value" : "input/maps"
    },
    {
      "code" : {
        "system" : "http://hl7.org/fhir/guide-parameter-code",
        "code" : "path-resource"
      },
      "value" : "input/testing"
    },
    {
      "code" : {
        "system" : "http://hl7.org/fhir/guide-parameter-code",
        "code" : "path-resource"
      },
      "value" : "input/history"
    },
    {
      "code" : {
        "system" : "http://hl7.org/fhir/guide-parameter-code",
        "code" : "path-resource"
      },
      "value" : "fsh-generated/resources"
    },
    {
      "code" : {
        "system" : "http://hl7.org/fhir/guide-parameter-code",
        "code" : "path-pages"
      },
      "value" : "template/config"
    },
    {
      "code" : {
        "system" : "http://hl7.org/fhir/guide-parameter-code",
        "code" : "path-pages"
      },
      "value" : "input/images"
    },
    {
      "code" : {
        "system" : "http://hl7.org/fhir/tools/CodeSystem/ig-parameters",
        "code" : "path-liquid"
      },
      "value" : "template/liquid"
    },
    {
      "code" : {
        "system" : "http://hl7.org/fhir/tools/CodeSystem/ig-parameters",
        "code" : "path-liquid"
      },
      "value" : "input/liquid"
    },
    {
      "code" : {
        "system" : "http://hl7.org/fhir/tools/CodeSystem/ig-parameters",
        "code" : "path-qa"
      },
      "value" : "temp/qa"
    },
    {
      "code" : {
        "system" : "http://hl7.org/fhir/tools/CodeSystem/ig-parameters",
        "code" : "path-temp"
      },
      "value" : "temp/pages"
    },
    {
      "code" : {
        "system" : "http://hl7.org/fhir/tools/CodeSystem/ig-parameters",
        "code" : "path-output"
      },
      "value" : "output"
    },
    {
      "code" : {
        "system" : "http://hl7.org/fhir/guide-parameter-code",
        "code" : "path-tx-cache"
      },
      "value" : "input-cache/txcache"
    },
    {
      "code" : {
        "system" : "http://hl7.org/fhir/tools/CodeSystem/ig-parameters",
        "code" : "path-suppressed-warnings"
      },
      "value" : "input/ignoreWarnings.txt"
    },
    {
      "code" : {
        "system" : "http://hl7.org/fhir/tools/CodeSystem/ig-parameters",
        "code" : "path-history"
      },
      "value" : "history.html"
    },
    {
      "code" : {
        "system" : "http://hl7.org/fhir/tools/CodeSystem/ig-parameters",
        "code" : "template-html"
      },
      "value" : "template-page.html"
    },
    {
      "code" : {
        "system" : "http://hl7.org/fhir/tools/CodeSystem/ig-parameters",
        "code" : "template-md"
      },
      "value" : "template-page-md.html"
    },
    {
      "code" : {
        "system" : "http://hl7.org/fhir/tools/CodeSystem/ig-parameters",
        "code" : "apply-contact"
      },
      "value" : "true"
    },
    {
      "code" : {
        "system" : "http://hl7.org/fhir/tools/CodeSystem/ig-parameters",
        "code" : "apply-context"
      },
      "value" : "true"
    },
    {
      "code" : {
        "system" : "http://hl7.org/fhir/tools/CodeSystem/ig-parameters",
        "code" : "apply-copyright"
      },
      "value" : "true"
    },
    {
      "code" : {
        "system" : "http://hl7.org/fhir/tools/CodeSystem/ig-parameters",
        "code" : "apply-jurisdiction"
      },
      "value" : "true"
    },
    {
      "code" : {
        "system" : "http://hl7.org/fhir/tools/CodeSystem/ig-parameters",
        "code" : "apply-license"
      },
      "value" : "true"
    },
    {
      "code" : {
        "system" : "http://hl7.org/fhir/tools/CodeSystem/ig-parameters",
        "code" : "apply-publisher"
      },
      "value" : "true"
    },
    {
      "code" : {
        "system" : "http://hl7.org/fhir/tools/CodeSystem/ig-parameters",
        "code" : "apply-version"
      },
      "value" : "true"
    },
    {
      "code" : {
        "system" : "http://hl7.org/fhir/tools/CodeSystem/ig-parameters",
        "code" : "apply-wg"
      },
      "value" : "true"
    },
    {
      "code" : {
        "system" : "http://hl7.org/fhir/tools/CodeSystem/ig-parameters",
        "code" : "active-tables"
      },
      "value" : "true"
    },
    {
      "code" : {
        "system" : "http://hl7.org/fhir/tools/CodeSystem/ig-parameters",
        "code" : "fmm-definition"
      },
      "value" : "http://hl7.org/fhir/versions.html#maturity"
    },
    {
      "code" : {
        "system" : "http://hl7.org/fhir/tools/CodeSystem/ig-parameters",
        "code" : "propagate-status"
      },
      "value" : "true"
    },
    {
      "code" : {
        "system" : "http://hl7.org/fhir/tools/CodeSystem/ig-parameters",
        "code" : "excludelogbinaryformat"
      },
      "value" : "true"
    },
    {
      "code" : {
        "system" : "http://hl7.org/fhir/tools/CodeSystem/ig-parameters",
        "code" : "tabbed-snapshots"
      },
      "value" : "true"
    }]
  }
}