<!-- menu.xml {% comment %}
*****************************************************************************************************
*                                  WARNING: DO NOT EDIT THIS FILE                                   *
*                                                                                                   *
* This file is generated by SUSHI. Any edits you make to this file will be overwritten.             *
*                                                                                                   *
* To change the contents of this file, edit the "menu" attribute in the tank sushi-config.yaml file *
* or provide your own menu.xml in the input/includes folder                                         *
*****************************************************************************************************
{% endcomment %} -->

<ul xmlns="http://www.w3.org/1999/xhtml" class="nav navbar-nav">
  <li>
    <a href="index.html">Home</a>
  </li>
  <li>
    <a href="conformance.html">Conformance</a>
  </li>
  <li>
    <a href="guidance.html">Guidance</a>
  </li>
  <li class="dropdown">
    <a data-toggle="dropdown" href="#" class="dropdown-toggle">Clinical Artifacts
      <b class="caret"></b>
    </a>
    <ul class="dropdown-menu">
      <li>
        <a href="profiles.html">Profiles</a>
      </li>
      <li>
        <a href="extensions.html">Extensions</a>
      </li>
      <li>
        <a href="examples.html">Examples</a>
      </li>
      <li class="dropdown">
        <a data-toggle="dropdown" href="#" class="dropdown-toggle">Terminology
          <b class="caret"></b>
        </a>
        <ul class="dropdown-menu">
          <li>
            <a href="terminology.html">Overview</a>
          </li>
          <li>
            <a href="valuesets.html">ValueSets</a>
          </li>
          <li>
            <a href="codesystems.html">CodeSystems</a>
          </li>
        </ul>
      </li>
    </ul>
  </li>
  <li>
    <a href="downloads.html">Downloads</a>
  </li>
  <li>
    <a href="history.html">History</a>
  </li>
</ul>