{
  "resourceType" : "Provenance",
  "id" : "ExampleEncounterProviderProvenance",
  "meta" : {
    "profile" : ["http://testSK.org/StructureDefinition/encounter-provider-provenance"]
  },
  "text" : {
    "status" : "generated",
    "div" : "<div xmlns=\"http://www.w3.org/1999/xhtml\"><p class=\"res-header-id\"><b>Generated Narrative: Provenance ExampleEncounterProviderProvenance</b></p><a name=\"ExampleEncounterProviderProvenance\"> </a><a name=\"hcExampleEncounterProviderProvenance\"> </a><div style=\"display: inline-block; background-color: #d9e0e7; padding: 6px; margin: 4px; border: 1px solid #8da1b4; border-radius: 5px; line-height: 60%\"><p style=\"margin-bottom: 0px\"/><p style=\"margin-bottom: 0px\">Profile: <a href=\"StructureDefinition-encounter-provider-provenance.html\">Encounter Provider Provenance Profile (R5)</a></p></div><p>Provenance for <a href=\"Encounter-StrokeEncounterExample.html\">Encounter: extension = true,ICU / Stroke Unit,false,Neurology department (environment); status = completed; type = Inpatient Encounter; actualPeriod = 2025-03-01 08:00:00+0000 --&gt; 2025-03-10 12:00:00+0000</a></p><p>Summary</p><table class=\"grid\"/><p><b>Agents</b></p><table class=\"grid\"><tr><td><b>Type</b></td><td><b>who</b></td></tr><tr><td><span title=\"Codes:{http://terminology.hl7.org/CodeSystem/provenance-participant-type author}\">Author</span></td><td><a href=\"Organization-ExampleOrganization.html\">Example Healthcare Organization</a></td></tr></table></div>"
  },
  "target" : [{
    "reference" : "Encounter/StrokeEncounterExample"
  }],
  "agent" : [{
    "type" : {
      "coding" : [{
        "system" : "http://terminology.hl7.org/CodeSystem/provenance-participant-type",
        "code" : "author"
      }]
    },
    "who" : {
      "reference" : "Organization/ExampleOrganization",
      "display" : "Example Healthcare Organization"
    }
  }]
}