{
  "package": "SKtestIG",
  "version": "0.1.0",
  "fhirVersion": "5.0.0",
  "extensions": [
    {
      "url": "http://testSK.org/StructureDefinition/discharge-department-service-ext",
      "title": "Discharge Department/Service Extension",
      "types": [
        "CodeableConcept"
      ]
    },
    {
      "url": "http://testSK.org/StructureDefinition/first-hospital-ext",
      "title": "First Hospital Extension",
      "types": [
        "boolean"
      ]
    },
    {
      "url": "http://testSK.org/StructureDefinition/gender-snomed",
      "title": "Gender (SNOMED CT)",
      "types": [
        "CodeableConcept"
      ]
    },
    {
      "url": "http://testSK.org/StructureDefinition/hemorrhagic-stroke-bleeding-reason-ext",
      "title": "HemorrhagicStrokeBleedingReasonExt",
      "types": [
        "CodeableConcept"
      ]
    },
    {
      "url": "http://testSK.org/StructureDefinition/initial-care-intensity-ext",
      "title": "Initial Care Intensity Extension",
      "types": [
        "CodeableConcept"
      ]
    },
    {
      "url": "http://testSK.org/StructureDefinition/ischemic-stroke-etiology-ext",
      "title": "StrokeStrokeEtiologyExt",
      "types": [
        "CodeableConcept"
      ]
    },
    {
      "url": "http://testSK.org/StructureDefinition/observation-timing-context-ext",
      "title": "Observation Timing Context Extension",
      "types": [
        "CodeableConcept"
      ]
    },
    {
      "url": "http://testSK.org/StructureDefinition/patient-age",
      "title": "Patient Age (integer)",
      "types": [
        "integer"
      ]
    },
    {
      "url": "http://testSK.org/StructureDefinition/procedure-timing-context-ext",
      "title": "Procedure Timing Context Extension",
      "types": [
        "CodeableConcept"
      ]
    },
    {
      "url": "http://testSK.org/StructureDefinition/required-post-acute-care-ext",
      "title": "Required Post-Acute Care Extension",
      "types": [
        "boolean"
      ]
    },
    {
      "url": "http://testSK.org/StructureDefinition/swallowing-screening-timing-category-ext",
      "title": "Swallowing Screening Timing Category",
      "types": [
        "CodeableConcept"
      ]
    }
  ],
  "profiles": {
    "Observation": [
      {
        "url": "http://testSK.org/StructureDefinition/timing-metric-observation-profile",
        "title": "Stroke Timing Metric Observation Profile (R5)"
      },
      {
        "url": "http://testSK.org/StructureDefinition/vital-sign-observation-profile",
        "title": "Stroke Vital Sign Observation Profile (R5)"
      }
    ],
    "MedicationRequest": [
      {
        "url": "http://testSK.org/StructureDefinition/discharge-medication-request-profile",
        "title": "Discharge Medication Request Profile"
      }
    ],
    "Provenance": [
      {
        "url": "http://testSK.org/StructureDefinition/encounter-provider-provenance",
        "title": "Encounter Provider Provenance Profile (R5)"
      }
    ],
    "Patient": [
      {
        "url": "http://testSK.org/StructureDefinition/patient-snomed-gender",
        "title": "Patient with SNOMED Gender and Age (extensions)"
      }
    ],
    "MedicationStatement": [
      {
        "url": "http://testSK.org/StructureDefinition/prior-medication-statement-profile",
        "title": "Prior Medication Statement Profile (R5)"
      }
    ],
    "Procedure": [
      {
        "url": "http://testSK.org/StructureDefinition/stroke-swallow-procedure-profile",
        "title": "Stroke Swallow Procedure Profile (R5)"
      },
      {
        "url": "http://testSK.org/StructureDefinition/stroke-thrombolysis-procedure-profile",
        "title": "Stroke Thrombolysis Procedure Profile (R5)"
      }
    ],
    "Condition": [
      {
        "url": "http://testSK.org/StructureDefinition/stroke-risk-factor-condition-profile",
        "title": "Stroke Risk Factor Condition Profile"
      }
    ],
    "Encounter": [
      {
        "url": "http://testSK.org/StructureDefinition/stroke-encounter-profile",
        "title": "Stroke Encounter Profile"
      }
    ]
  },
  "usage": {
    "http://hl7.org/fhir/StructureDefinition/elementdefinition-bestpractice": [
      "StructureDefinition.snapshot.element.constraint"
    ],
    "http://hl7.org/fhir/StructureDefinition/elementdefinition-bestpractice-explanation": [
      "StructureDefinition.snapshot.element.constraint"
    ],
    "http://hl7.org/fhir/StructureDefinition/elementdefinition-bindingName": [
      "StructureDefinition.snapshot.element.binding"
    ],
    "http://hl7.org/fhir/StructureDefinition/elementdefinition-translatable": [
      "StructureDefinition.snapshot.element"
    ],
    "http://hl7.org/fhir/StructureDefinition/structuredefinition-display-hint": [
      "StructureDefinition.snapshot.element"
    ],
    "http://hl7.org/fhir/StructureDefinition/structuredefinition-fhir-type": [
      "StructureDefinition.snapshot.element.type"
    ],
    "http://hl7.org/fhir/StructureDefinition/structuredefinition-hierarchy": [
      "StructureDefinition.snapshot.element.type"
    ],
    "http://hl7.org/fhir/StructureDefinition/structuredefinition-type-characteristics": [
      "StructureDefinition"
    ],
    "http://hl7.org/fhir/tools/StructureDefinition/ig-internal-dependency": [
      "ImplementationGuide.definition"
    ],
    "http://hl7.org/fhir/tools/StructureDefinition/implementationguide-dependency-comment": [
      "ImplementationGuide.dependsOn"
    ],
    "http://hl7.org/fhir/tools/StructureDefinition/resource-information": [
      "ImplementationGuide.definition.resource"
    ],
    "http://hl7.org/fhir/tools/StructureDefinition/snapshot-base-version": [
      "StructureDefinition.snapshot"
    ],
    "http://testSK.org/StructureDefinition/discharge-department-service-ext": [
      "Encounter"
    ],
    "http://testSK.org/StructureDefinition/first-hospital-ext": [
      "Encounter"
    ],
    "http://testSK.org/StructureDefinition/gender-snomed": [
      "Patient"
    ],
    "http://testSK.org/StructureDefinition/hemorrhagic-stroke-bleeding-reason-ext": [
      "Condition"
    ],
    "http://testSK.org/StructureDefinition/initial-care-intensity-ext": [
      "Encounter"
    ],
    "http://testSK.org/StructureDefinition/ischemic-stroke-etiology-ext": [
      "Condition"
    ],
    "http://testSK.org/StructureDefinition/observation-timing-context-ext": [
      "Observation"
    ],
    "http://testSK.org/StructureDefinition/patient-age": [
      "Patient"
    ],
    "http://testSK.org/StructureDefinition/procedure-timing-context-ext": [
      "Procedure"
    ],
    "http://testSK.org/StructureDefinition/required-post-acute-care-ext": [
      "Encounter"
    ],
    "http://testSK.org/StructureDefinition/swallowing-screening-timing-category-ext": [
      "Procedure"
    ]
  }
}