<?xml version="1.0" encoding="UTF-8"?>

<ValueSet xmlns="http://hl7.org/fhir">
  <id value="mrs-score-vs"/>
  <text>
    <status value="generated"/><div xmlns="http://www.w3.org/1999/xhtml"><p class="res-header-id"><b>Generated Narrative: ValueSet mrs-score-vs</b></p><a name="mrs-score-vs"> </a><a name="hcmrs-score-vs"> </a><ul><li>Include all codes defined in <a href="CodeSystem-mrs-score-cs.html"><code>http://testSK.org/CodeSystem/mrs-score-cs</code></a><span title="Version is not explicitly stated, which means it is fixed to the version provided in this specification"> version &#x1F4E6;0.1.0</span></li></ul></div>
  </text>
  <url value="http://testSK.org/ValueSet/mrs-score-vs"/>
  <version value="0.1.0"/>
  <name value="MRsScoreVS"/>
  <title value="modified Rankin Scale (mRS) Score ValueSet"/>
  <status value="active"/>
  <date value="2025-10-20T14:31:52+00:00"/>
  <publisher value="UMU"/>
  <contact>
    <name value="UMU"/>
    <telecom>
      <system value="url"/>
      <value value="http://testSK.org/umu"/>
    </telecom>
  </contact>
  <description value="ValueSet containing the codes for the modified Rankin Scale (mRS) score."/>
  <compose>
    <include>
      <system value="http://testSK.org/CodeSystem/mrs-score-cs"/>
    </include>
  </compose>
</ValueSet>