<?xml version="1.0" encoding="UTF-8"?>

<ValueSet xmlns="http://hl7.org/fhir">
  <id value="swallowing-screening-timing-category-vs"/>
  <text>
    <status value="generated"/><div xmlns="http://www.w3.org/1999/xhtml"><p class="res-header-id"><b>Generated Narrative: ValueSet swallowing-screening-timing-category-vs</b></p><a name="swallowing-screening-timing-category-vs"> </a><a name="hcswallowing-screening-timing-category-vs"> </a><ul><li>Include all codes defined in <a href="CodeSystem-swallow-screen-time-cs.html"><code>http://testSK.org/CodeSystem/swallow-screen-time-cs</code></a></li></ul></div>
  </text>
  <url value="http://testSK.org/ValueSet/swallowing-screening-timing-category-vs"/>
  <version value="0.1.0"/>
  <name value="SwallowingScreeningTimingCategoryVS"/>
  <title value="Swallowing Screening Timing Category ValueSet"/>
  <status value="active"/>
  <date value="2025-09-08T06:26:35+00:00"/>
  <publisher value="UMU"/>
  <contact>
    <name value="UMU"/>
    <telecom>
      <system value="url"/>
      <value value="http://testSK.org/umu"/>
    </telecom>
  </contact>
  <description value="Temporal categories relative to stroke onset for swallowing screening."/>
  <compose>
    <include>
      <system value="http://testSK.org/CodeSystem/swallow-screen-time-cs"/>
    </include>
  </compose>
</ValueSet>