<?xml version="1.0" encoding="UTF-8"?>

<ValueSet xmlns="http://hl7.org/fhir">
  <id value="discharge-medication-vs"/>
  <text>
    <status value="generated"/><div xmlns="http://www.w3.org/1999/xhtml"><p class="res-header-id"><b>Generated Narrative: ValueSet discharge-medication-vs</b></p><a name="discharge-medication-vs"> </a><a name="hcdischarge-medication-vs"> </a><p>This value set includes codes based on the following rules:</p><ul><li>Include all codes defined in <a href="CodeSystem-discharge-medication-cs.html"><code>http://testSK.org/ValueSet/medication-vs</code></a></li><li>Import all the codes that are contained in https://hl7.org/fhir/uv/ips/ValueSet-absent-or-unknown-medications-uv-ips.html</li></ul></div>
  </text>
  <url value="http://testSK.org/ValueSet/discharge-medication-vs"/>
  <version value="0.1.0"/>
  <name value="DischargeMedicationVS"/>
  <title value="Medications ValueSet"/>
  <status value="draft"/>
  <date value="2025-09-09T09:28:44+00:00"/>
  <publisher value="UMU"/>
  <contact>
    <name value="UMU"/>
    <telecom>
      <system value="url"/>
      <value value="http://testSK.org/umu"/>
    </telecom>
  </contact>
  <description value="Codes for drug products or substances representing the Medications on the patient discharge."/>
  <compose>
    <include>
      <system value="http://testSK.org/ValueSet/medication-vs"/>
    </include>
    <include>
      <valueSet value="https://hl7.org/fhir/uv/ips/ValueSet-absent-or-unknown-medications-uv-ips.html"/>
    </include>
  </compose>
</ValueSet>