{
  "resourceType" : "ValueSet",
  "id" : "mtici-code-vs",
  "text" : {
    "status" : "generated",
    "div" : "<div xmlns=\"http://www.w3.org/1999/xhtml\"><p class=\"res-header-id\"><b>Generated Narrative: ValueSet mtici-code-vs</b></p><a name=\"mtici-code-vs\"> </a><a name=\"hcmtici-code-vs\"> </a><ul><li>Include all codes defined in <a href=\"CodeSystem-mtici-score-cs.html\"><code>http://testSK.org/CodeSystem/mtici-score-cs</code></a></li></ul></div>"
  },
  "url" : "http://testSK.org/ValueSet/mtici-code-vs",
  "version" : "0.1.0",
  "name" : "mTICICodeVS",
  "title" : "mTICI Score Codes ValueSet",
  "status" : "active",
  "date" : "2025-09-29T11:14:34+00:00",
  "publisher" : "UMU",
  "contact" : [{
    "name" : "UMU",
    "telecom" : [{
      "system" : "url",
      "value" : "http://testSK.org/umu"
    }]
  }],
  "description" : "ValueSet containing the codes to represent the mTICI score used to assess the degree of reperfusion after a thrombectomy procedure.",
  "compose" : {
    "include" : [{
      "system" : "http://testSK.org/CodeSystem/mtici-score-cs"
    }]
  }
}