<?xml version="1.0" encoding="UTF-8"?>

<ValueSet xmlns="http://hl7.org/fhir">
  <id value="stroke-risk-factor-vs"/>
  <text>
    <status value="generated"/><div xmlns="http://www.w3.org/1999/xhtml"><p class="res-header-id"><b>Generated Narrative: ValueSet stroke-risk-factor-vs</b></p><a name="stroke-risk-factor-vs"> </a><a name="hcstroke-risk-factor-vs"> </a><a name="stroke-risk-factor-vs-en-US"> </a><p>This value set includes codes based on the following rules:</p><ul><li>Import all the codes that are contained in <a href="ValueSet-stroke-risk-factor-snomed-vs.html">Stroke Risk Factor ValueSet</a></li><li>Import all the codes that are contained in http://hl7.org/fhir/uv/ips/ValueSet/absent-or-unknown-problems-uv-ips</li></ul></div>
  </text>
  <url value="http://testSK.org/ValueSet/stroke-risk-factor-vs"/>
  <version value="0.1.0"/>
  <name value="StrokeRiskFactorVS"/>
  <title value="Stroke Risk Factor ValueSet"/>
  <status value="draft"/>
  <date value="2025-06-04T08:27:13+00:00"/>
  <publisher value="UMU"/>
  <contact>
    <name value="UMU"/>
    <telecom>
      <system value="url"/>
      <value value="http://testSK.org/umu"/>
    </telecom>
  </contact>
  <description value="Defines the unknown or absent codes for conditions or risk factors relevant to stroke."/>
  <compose>
    <include>
      <valueSet value="http://testSK.org/ValueSet/stroke-risk-factor-snomed-vs"/>
    </include>
    <include>
      <valueSet value="http://hl7.org/fhir/uv/ips/ValueSet/absent-or-unknown-problems-uv-ips"/>
    </include>
  </compose>
</ValueSet>