<?xml version="1.0" encoding="UTF-8"?>

<ValueSet xmlns="http://hl7.org/fhir">
  <id value="thrombectomy-complication-vs"/>
  <text>
    <status value="generated"/><div xmlns="http://www.w3.org/1999/xhtml"><p class="res-header-id"><b>Generated Narrative: ValueSet thrombectomy-complication-vs</b></p><a name="thrombectomy-complication-vs"> </a><a name="hcthrombectomy-complication-vs"> </a><ul><li>Include these codes as defined in <a href="http://www.snomed.org/"><code>http://snomed.info/sct</code></a><table class="none"><tr><td style="white-space:nowrap"><b>Code</b></td><td><b>Display</b></td></tr><tr><td><a href="http://snomed.info/id/307312008">307312008</a></td><td>Perforation of artery (disorder)</td></tr></table></li></ul></div>
  </text>
  <url value="http://testSK.org/ValueSet/thrombectomy-complication-vs"/>
  <version value="0.1.0"/>
  <name value="ThrombectomyComplicationVS"/>
  <title value="Thrombectomy Complication ValueSet"/>
  <status value="active"/>
  <date value="2025-09-04T12:43:39+00:00"/>
  <publisher value="UMU"/>
  <contact>
    <name value="UMU"/>
    <telecom>
      <system value="url"/>
      <value value="http://testSK.org/umu"/>
    </telecom>
  </contact>
  <description value="Defines the specific complications of thrombectomy to record."/>
  <compose>
    <include>
      <system value="http://snomed.info/sct"/>
      <concept>
        <code value="307312008"/>
        <display value="Perforation of artery (disorder)"/>
      </concept>
    </include>
  </compose>
</ValueSet>