{
  "codeSystems" : [
    {
      "url" : "http://hl7.org/fhir/ValueSet/event-status",
      "version" : "5.0.0",
      "status" : "draft",
      "name" : "EventStatus",
      "title" : "EventStatus",
      "description" : "Codes identifying the lifecycle stage of an event.",
      "systems" : ["http://hl7.org/fhir/event-status"],
      "oids" : ["2.16.840.1.113883.4.642.3.109"],
      "sources" : ["2.16.840.1.113883.4.642.3.109"],
      "uses" : {
      },
      "StructureDefinition-stroke-swallow-procedure-profile.html" : "Stroke Swallow Procedure Profile (R5)",
      "StructureDefinition-stroke-mechanical-procedure-profile.html" : "Stroke Thrombolysis Procedure Profile (R5)",
      "StructureDefinition-stroke-carotid-imaging-procedure-profile.html" : "Stroke Carotid Imaging Procedure Profile (R5)",
      "StructureDefinition-stroke-brain-imaging-procedure-profile.html" : "Stroke Brain Imaging Procedure Profile (R5)"
    },
    {
      "url" : "http://hl7.org/fhir/ValueSet/medication-statement-adherence",
      "version" : "5.0.0",
      "status" : "draft",
      "name" : "MedicationStatementAdherenceCodes",
      "title" : "MedicationStatement Adherence Codes",
      "description" : "MedicationStatement Adherence Codes",
      "systems" : [
        "http://hl7.org/fhir/CodeSystem/medication-statement-adherence"
      ],
      "oids" : ["2.16.840.1.113883.4.642.3.3090"],
      "sources" : ["2.16.840.1.113883.4.642.3.3090"],
      "uses" : {
      },
      "StructureDefinition-prior-medication-statement-profile.html" : "Prior Medication Statement Profile (R5)"
    },
    {
      "url" : "http://testSK.org/ValueSet/admission-source-vs",
      "version" : "0.1.0",
      "status" : "draft",
      "name" : "AdmissionSourceValueSet",
      "title" : "Admission Sources ValueSet",
      "description" : "Defines the modes of transport or pathways by which the patient arrived.",
      "systems" : ["http://snomed.info/sct"]
    },
    {
      "url" : "http://testSK.org/ValueSet/afib-flutter-status-vs",
      "version" : "0.1.0",
      "status" : "active",
      "name" : "AfibFlutterStatusVS",
      "title" : "Atrial Fibrillation or Flutter Status ValueSet",
      "description" : "ValueSet for the status of Atrial Fibrillation or Flutter assessment.",
      "systems" : ["http://snomed.info/sct"]
    },
    {
      "url" : "http://testSK.org/ValueSet/assessment-context-vs",
      "version" : "0.1.0",
      "status" : "active",
      "name" : "AssessmentContextVS",
      "title" : "Assessment Context ValueSet",
      "description" : "ValueSet for assessment context codes (e.g., timing of functional scores).",
      "systems" : ["http://testSK.org/CodeSystem/assessment-context-cs"],
      "uses" : {
      },
      "StructureDefinition-observation-timing-context-ext.html" : "Observation Timing Context Extension"
    },
    {
      "url" : "http://testSK.org/ValueSet/brain-imaging-modality-vs",
      "version" : "0.1.0",
      "status" : "active",
      "name" : "BrainImagingModalityVS",
      "title" : "Brain Imaging Modality ValueSet",
      "description" : "Defines the SNOMED CT codes for individual brain imaging modalities performed as procedures.",
      "systems" : [
        "http://testSK.org/CodeSystem/brain-imaging-type-cs",
        "http://snomed.info/sct"
      ],
      "uses" : {
      },
      "StructureDefinition-stroke-brain-imaging-procedure-profile.html" : "Stroke Brain Imaging Procedure Profile (R5)"
    },
    {
      "url" : "http://testSK.org/ValueSet/carotid-imaging-modality-vs",
      "version" : "0.1.0",
      "status" : "active",
      "name" : "CarotidImagingModalityVS",
      "title" : "Carotid Arteries Imaging Modality ValueSet",
      "description" : "Defines codes for different types of carotid artery imaging.",
      "systems" : ["http://snomed.info/sct"]
    },
    {
      "url" : "http://testSK.org/ValueSet/discharge-dept-vs",
      "version" : "0.1.0",
      "status" : "active",
      "name" : "DischargeDeptVS",
      "title" : "Discharge Department/Service ValueSet",
      "description" : "ValueSet specifying the type of department or service the patient was discharged or transferred to.",
      "systems" : ["http://testSK.org/CodeSystem/CodeSystem/discharge-dept-cs"],
      "uses" : {
      },
      "StructureDefinition-discharge-department-service-ext.html" : "Discharge Department/Service Extension"
    },
    {
      "url" : "http://testSK.org/ValueSet/discharge-destination-vs",
      "version" : "0.1.0",
      "status" : "draft",
      "name" : "DischargeDestinationValueSet",
      "title" : "Discharge Destination ValueSet",
      "description" : "Defines possible patient discharge destinations.",
      "systems" : ["http://snomed.info/sct"]
    },
    {
      "url" : "http://testSK.org/ValueSet/discharge-medication-vs",
      "version" : "0.1.0",
      "status" : "draft",
      "name" : "DischargeMedicationVS",
      "title" : "Medications ValueSet",
      "description" : "Codes for drug products or substances representing the Medications on the patient discharge.",
      "systems" : ["http://testSK.org/ValueSet/medication-vs"],
      "uses" : {
      },
      "StructureDefinition-discharge-medication-request-profile.html" : "Discharge Medication Request Profile"
    },
    {
      "url" : "http://testSK.org/ValueSet/functional-score-codes-vs",
      "version" : "0.1.0",
      "status" : "active",
      "name" : "FunctionalScoreCodesVS",
      "title" : "Stroke Functional Score Codes ValueSet",
      "description" : "Codes for key functional scores used in stroke (mRS, NIHSS).",
      "systems" : ["http://snomed.info/sct"],
      "uses" : {
      },
      "StructureDefinition-functional-score-observation-profile.html" : "Stroke Functional Score Observation Profile (R5, Timing Ext)"
    },
    {
      "url" : "http://testSK.org/ValueSet/hemorrhagic-stroke-bleeding-reason-vs",
      "version" : "0.1.0",
      "status" : "draft",
      "name" : "HemorrhagicStrokeBleedingReasonVS",
      "title" : "Hemorrhagic Stroke Bleeding Reason ValueSet",
      "description" : "Specifies the identified cause of a hemorrhagic stroke, typically used with an extension.",
      "systems" : [
        "http://testSK.org/CodeSystem/hemorrhagic-stroke-bleeding-reason-cs"
      ],
      "uses" : {
      },
      "StructureDefinition-hemorrhagic-stroke-bleeding-reason-ext.html" : "Hemorrhagic Stroke – Bleeding Reason"
    },
    {
      "url" : "http://testSK.org/ValueSet/initial-care-intensity-vs",
      "version" : "0.1.0",
      "status" : "active",
      "name" : "InitialCareIntensityVS",
      "title" : "Initial Care Intensity ValueSet",
      "description" : "ValueSet indicating the level of care provided initially.",
      "systems" : ["http://testSK.org/CodeSystem/initial-care-intensity-cs"],
      "uses" : {
      },
      "StructureDefinition-initial-care-intensity-ext.html" : "Initial Care Intensity Extension"
    },
    {
      "url" : "http://testSK.org/ValueSet/medicationStatement-meds-codes-vs",
      "version" : "0.1.0",
      "status" : "draft",
      "name" : "MedicationStatementMedsCodes",
      "title" : "MedicationStatement Therapy/Finding Codes",
      "description" : "ValueSet containing SNOMED CT codes representing various medication-related procedures and findings (e.g., therapies, administration procedures, findings about use).",
      "systems" : [
        "http://testSK.org/CodeSystem/medication-statement-cs",
        "http://snomed.info/sct"
      ],
      "uses" : {
      },
      "StructureDefinition-prior-medication-statement-profile.html" : "Prior Medication Statement Profile (R5)"
    },
    {
      "url" : "http://testSK.org/ValueSet/mrs-score-vs",
      "version" : "0.1.0",
      "status" : "active",
      "name" : "MRsScoreVS",
      "title" : "modified Rankin Scale (mRS) Score ValueSet",
      "description" : "ValueSet containing the codes for the modified Rankin Scale (mRS) score.",
      "systems" : ["http://testSK.org/CodeSystem/mrs-score-cs"],
      "uses" : {
      },
      "StructureDefinition-functional-score-observation-profile.html" : "Stroke Functional Score Observation Profile (R5, Timing Ext)"
    },
    {
      "url" : "http://testSK.org/ValueSet/mtici-code-vs",
      "version" : "0.1.0",
      "status" : "active",
      "name" : "MTICICodeVS",
      "title" : "mTICI Score Codes ValueSet",
      "description" : "ValueSet containing the codes to represent the mTICI score used to assess the degree of reperfusion after a thrombectomy procedure.",
      "systems" : ["http://testSK.org/CodeSystem/mtici-score-cs"],
      "uses" : {
      },
      "ValueSet-stroke-finding-codes-vs.html" : "Specific Stroke Finding Codes ValueSet"
    },
    {
      "url" : "http://testSK.org/ValueSet/mtici-score-vs",
      "version" : "0.1.0",
      "status" : "draft",
      "name" : "MTICIScoreValueSet",
      "title" : "MTICI Score ValueSet",
      "description" : "ValueSet containing the codes to represent the MTICI score used to assess the degree of reperfusion after a thrombectomy procedure.",
      "systems" : ["http://testSK.org/CodeSystem/mtici-score-cs"]
    },
    {
      "url" : "http://testSK.org/ValueSet/perforation-procedures-vs",
      "version" : "0.1.0",
      "status" : "draft",
      "name" : "PerforationProceduresValueset",
      "title" : "Perforation Procedures ValueSet",
      "description" : "ValueSet containing SNOMED CT codes representing a range of perforation procedures.",
      "systems" : ["http://snomed.info/sct"],
      "uses" : {
      },
      "StructureDefinition-stroke-mechanical-procedure-profile.html" : "Stroke Thrombolysis Procedure Profile (R5)"
    },
    {
      "url" : "http://testSK.org/ValueSet/procedure-timing-context-vs",
      "version" : "0.1.0",
      "status" : "active",
      "name" : "ProcedureTimingContextVS",
      "title" : "Procedure Timing Context ValueSet",
      "description" : "ValueSet for codes defining the timing phase of a procedure relative to the encounter start.",
      "systems" : ["http://testSK.org/CodeSystem/procedure-timing-context-cs"],
      "uses" : {
      },
      "StructureDefinition-procedure-timing-context-ext.html" : "Procedure Timing Context Extension"
    },
    {
      "url" : "http://testSK.org/ValueSet/specific-finding-codes-vs",
      "version" : "0.1.0",
      "status" : "active",
      "name" : "SpecificFindingCodesVS",
      "title" : "Specific Stroke Finding Codes ValueSet",
      "description" : "Codes for specific clinical findings relevant to stroke (Afib/Flutter status, MTICI score).",
      "systems" : ["http://snomed.info/sct"],
      "uses" : {
      },
      "ValueSet-stroke-finding-codes-vs.html" : "Specific Stroke Finding Codes ValueSet"
    },
    {
      "url" : "http://testSK.org/ValueSet/stroke-arrival-mode-vs",
      "version" : "0.1.0",
      "status" : "active",
      "name" : "StrokeArrivalModeVS",
      "title" : "Stroke Arrival Mode ValueSet",
      "description" : "ValueSet specifying the mode and origin of the patient's arrival.",
      "systems" : ["http://testSK.org/CodeSystem/stroke-arrival-mode-cs"],
      "uses" : {
      },
      "StructureDefinition-stroke-encounter-profile.html" : "Stroke Encounter Profile"
    },
    {
      "url" : "http://testSK.org/ValueSet/stroke-circumstance-codes-vs",
      "version" : "0.1.0",
      "status" : "active",
      "name" : "StrokeCircumstanceCodesVS",
      "title" : "Stroke Circumstance Codes ValueSet",
      "description" : "Codes for findings related to the circumstances of stroke onset (In-hospital, Wake-up).",
      "systems" : ["http://testSK.org/CodeSystem/stroke-circumstance-codes-cs"],
      "uses" : {
      },
      "StructureDefinition-stroke-circumstance-observation-profile.html" : "Stroke Circumstance Observation Profile (R5)"
    },
    {
      "url" : "http://testSK.org/ValueSet/stroke-diagnosis-vs",
      "version" : "0.1.0",
      "status" : "active",
      "name" : "StrokeDiagnosisVS",
      "title" : "Stroke Diagnosis ValueSet",
      "description" : "SNOMED CT concepts representing final stroke-related diagnoses intended for use in Condition.code (and similar elements) within this IG. The scope covers ischemic stroke, intracerebral hemorrhage, subarachnoid hemorrhage, cerebral venous thrombosis, and transient ischemic attack (TIA). This value set is designed to support consistent capture, validation, analytics, and decision support. Implementers should expand against a terminology server using the appropriate SNOMED CT edition/version and preferred language(s) for display. Localizations or national derivatives MAY provide additional designations without altering the canonical definition. This value set is not intended for history-of, screening, or procedural concepts.",
      "systems" : ["http://snomed.info/sct"],
      "uses" : {
      },
      "StructureDefinition-stroke-diagnosis-condition-profile.html" : "Stroke Diagnosis Condition Profile"
    },
    {
      "url" : "http://testSK.org/ValueSet/stroke-discharge-destination-vs",
      "version" : "0.1.0",
      "status" : "active",
      "name" : "StrokeDischargeDestinationVS",
      "title" : "Stroke Discharge Destination ValueSet",
      "description" : "Defines the possible destinations of the patient upon discharge from the encounter.",
      "systems" : [
        "http://testSK.org/CodeSystem/stroke-discharge-destination-cs",
        "http://snomed.info/sct"
      ],
      "uses" : {
      },
      "StructureDefinition-stroke-encounter-profile.html" : "Stroke Encounter Profile"
    },
    {
      "url" : "http://testSK.org/ValueSet/stroke-etiology-vs",
      "version" : "0.1.0",
      "status" : "draft",
      "name" : "StrokeEtiologyVS",
      "title" : "Stroke Etiology ValueSet",
      "description" : "Specifies the determined etiology of an stroke.",
      "systems" : [
        "http://testSK.org/CodeSystem/stroke-etiology-cs",
        "http://snomed.info/sct"
      ],
      "uses" : {
      },
      "StructureDefinition-ischemic-stroke-etiology-ext.html" : "Ischemic Stroke – Etiology"
    },
    {
      "url" : "http://testSK.org/ValueSet/stroke-finding-codes-vs",
      "version" : "0.1.0",
      "status" : "active",
      "name" : "StrokeFindingCodesVS",
      "title" : "Specific Stroke Finding Codes ValueSet",
      "description" : "ValueSet for specific coded findings like Afib/Flutter status or mTICI score.",
      "systems" : [
        "http://testSK.org/CodeSystem/mtici-score-cs",
        "http://snomed.info/sct"
      ],
      "uses" : {
      },
      "StructureDefinition-specific-finding-observation-profile.html" : "Specific Stroke Finding Observation Profile (R5)"
    },
    {
      "url" : "http://testSK.org/ValueSet/stroke-proc-not-done-reason-vs",
      "version" : "0.1.0",
      "status" : "active",
      "name" : "StrokeProcNotDoneReasonVS",
      "title" : "Stroke Procedure Not Done Reason ValueSet",
      "description" : "ValueSet containing specific codes to indicate why thrombolysis or thrombectomy was not performed.",
      "systems" : [
        "http://testSK.org/CodeSystem/stroke-proc-not-done-reason-cs"
      ],
      "uses" : {
      },
      "StructureDefinition-stroke-swallow-procedure-profile.html" : "Stroke Swallow Procedure Profile (R5)",
      "StructureDefinition-stroke-mechanical-procedure-profile.html" : "Stroke Thrombolysis Procedure Profile (R5)",
      "StructureDefinition-stroke-carotid-imaging-procedure-profile.html" : "Stroke Carotid Imaging Procedure Profile (R5)",
      "StructureDefinition-stroke-brain-imaging-procedure-profile.html" : "Stroke Brain Imaging Procedure Profile (R5)"
    },
    {
      "url" : "http://testSK.org/ValueSet/stroke-risk-factor-snomed-vs",
      "version" : "0.1.0",
      "status" : "active",
      "name" : "StrokeRiskFactorSNOMEDVS",
      "title" : "Stroke Risk Factor ValueSet",
      "description" : "Defines the SNOMED CT codes for conditions or risk factors relevant to stroke.",
      "systems" : ["http://snomed.info/sct"],
      "uses" : {
      },
      "ValueSet-stroke-risk-factor-vs.html" : "Stroke Risk Factor ValueSet"
    },
    {
      "url" : "http://testSK.org/ValueSet/stroke-risk-factor-vs",
      "version" : "0.1.0",
      "status" : "active",
      "name" : "StrokeRiskFactorValueSet",
      "title" : "Stroke Risk Factor ValueSet",
      "description" : "Defines the SNOMED CT codes for conditions or risk factors relevant to stroke, including an option for unknown status.",
      "systems" : ["http://snomed.info/sct"],
      "uses" : {
      },
      "StructureDefinition-stroke-risk-factor-condition-profile.html" : "Stroke Risk Factor Condition Profile"
    },
    {
      "url" : "http://testSK.org/ValueSet/swallow-procedures-vs",
      "version" : "0.1.0",
      "status" : "draft",
      "name" : "SwallowProceduresValueset",
      "title" : "Swallow Procedures ValueSet",
      "description" : "ValueSet containing SNOMED CT codes representing a range of procedures used in the evaluation and management of stroke patients.",
      "systems" : [
        "http://testSK.org/CodeSystem/swallow-procedures-cs",
        "http://snomed.info/sct"
      ],
      "uses" : {
      },
      "StructureDefinition-stroke-swallow-procedure-profile.html" : "Stroke Swallow Procedure Profile (R5)"
    },
    {
      "url" : "http://testSK.org/ValueSet/swallowing-screening-timing-category-vs",
      "version" : "0.1.0",
      "status" : "active",
      "name" : "SwallowingScreeningTimingCategoryVS",
      "title" : "Swallowing Screening Timing Category ValueSet",
      "description" : "Temporal categories relative to stroke onset for swallowing screening.",
      "systems" : [
        "http://testSK.org/CodeSystem/swallow-screen-time-cs",
        "http://snomed.info/sct"
      ],
      "uses" : {
      },
      "StructureDefinition-swallowing-screening-timing-category-ext.html" : "Swallowing Screening Timing Category"
    },
    {
      "url" : "http://testSK.org/ValueSet/thrombectomy-complication-vs",
      "version" : "0.1.0",
      "status" : "active",
      "name" : "ThrombectomyComplicationVS",
      "title" : "Thrombectomy Complication ValueSet",
      "description" : "Defines the specific complications of thrombectomy to record.",
      "systems" : ["http://snomed.info/sct"]
    },
    {
      "url" : "http://testSK.org/ValueSet/timing-metric-codes-vs",
      "version" : "0.1.0",
      "status" : "active",
      "name" : "TimingMetricCodesVS",
      "title" : "Stroke Timing Metric Codes ValueSet",
      "description" : "ValueSet for key process timing metrics in acute stroke care (D2N, D2G).",
      "systems" : ["http://testSK.org/CodeSystem/timing-metric-codes-cs"],
      "uses" : {
      },
      "StructureDefinition-timing-metric-observation-profile.html" : "Stroke Timing Metric Observation Profile (R5)"
    },
    {
      "url" : "http://testSK.org/ValueSet/vital-sign-codes-vs",
      "version" : "0.1.0",
      "status" : "active",
      "name" : "VitalSignCodesVS",
      "title" : "Stroke Vital Sign Codes ValueSet",
      "description" : "Codes for key vital signs relevant to stroke assessment (Systolic, Diastolic BP).",
      "systems" : ["http://snomed.info/sct"],
      "uses" : {
      },
      "StructureDefinition-vital-sign-observation-profile.html" : "Stroke Vital Sign Observation Profile (R5)"
    },
    {
      "url" : "http://testSK.org/ValueSet/vs-gender-snomed",
      "version" : "0.1.0",
      "status" : "active",
      "name" : "GenderSNOMEDVS",
      "title" : "Gender (SNOMED CT)",
      "description" : "Value set to represent patient gender using SNOMED CT codes, analogous to AdministrativeGender.",
      "systems" : ["http://snomed.info/sct"],
      "uses" : {
      },
      "StructureDefinition-gender-snomed-ext.html" : "Gender (SNOMED CT)"
    }
  ]
}
