<?xml version="1.0" encoding="UTF-8"?>

<ValueSet xmlns="http://hl7.org/fhir">
  <id value="timing-metric-codes-vs"/>
  <text>
    <status value="generated"/><div xmlns="http://www.w3.org/1999/xhtml"><p class="res-header-id"><b>Generated Narrative: ValueSet timing-metric-codes-vs</b></p><a name="timing-metric-codes-vs"> </a><a name="hctiming-metric-codes-vs"> </a><a name="timing-metric-codes-vs-en-US"> </a><ul><li>Include these codes as defined in <a href="http://www.snomed.org/"><code>http://snomed.info/sct</code></a><table class="none"><tr><td style="white-space:nowrap"><b>Code</b></td><td><b>Display</b></td></tr><tr><td><a href="http://snomed.info/id/00">00</a></td><td>Ask Snomed</td></tr><tr><td><a href="http://snomed.info/id/01">01</a></td><td>Ask Snomed</td></tr></table></li></ul></div>
  </text>
  <url value="http://testSK.org/ValueSet/timing-metric-codes-vs"/>
  <version value="0.1.0"/>
  <name value="TimingMetricCodesVS"/>
  <title value="Stroke Timing Metric Codes ValueSet"/>
  <status value="active"/>
  <date value="2025-06-03T15:17:23+00:00"/>
  <publisher value="UMU"/>
  <contact>
    <name value="UMU"/>
    <telecom>
      <system value="url"/>
      <value value="http://testSK.org/umu"/>
    </telecom>
  </contact>
  <description value="Codes for key process timing metrics in acute stroke care (D2N, D2G)."/>
  <compose>
    <include>
      <system value="http://snomed.info/sct"/>
      <concept>
        <code value="00"/>
        <display value="Ask Snomed"/>
      </concept>
      <concept>
        <code value="01"/>
        <display value="Ask Snomed"/>
      </concept>
    </include>
  </compose>
</ValueSet>