<?xml version="1.0" encoding="UTF-8"?>

<ValueSet xmlns="http://hl7.org/fhir">
  <id value="assessment-context-vs"/>
  <text>
    <status value="generated"/><div xmlns="http://www.w3.org/1999/xhtml"><p class="res-header-id"><b>Generated Narrative: ValueSet assessment-context-vs</b></p><a name="assessment-context-vs"> </a><a name="hcassessment-context-vs"> </a><ul><li>Include all codes defined in <a href="CodeSystem-assessment-context-cs.html"><code>http://testSK.org/CodeSystem/assessment-context-cs</code></a></li></ul></div>
  </text>
  <url value="http://testSK.org/ValueSet/assessment-context-vs"/>
  <version value="0.1.0"/>
  <name value="AssessmentContextVS"/>
  <title value="Assessment Context ValueSet"/>
  <status value="active"/>
  <date value="2025-09-24T10:35:41+00:00"/>
  <publisher value="UMU"/>
  <contact>
    <name value="UMU"/>
    <telecom>
      <system value="url"/>
      <value value="http://testSK.org/umu"/>
    </telecom>
  </contact>
  <description value="ValueSet for assessment context codes (e.g., timing of functional scores)."/>
  <compose>
    <include>
      <system value="http://testSK.org/CodeSystem/assessment-context-cs"/>
    </include>
  </compose>
</ValueSet>