{
  "resourceType" : "ValueSet",
  "id" : "stroke-proc-not-done-reason-vs",
  "text" : {
    "status" : "generated",
    "div" : "<div xmlns=\"http://www.w3.org/1999/xhtml\"><p class=\"res-header-id\"><b>Generated Narrative: ValueSet stroke-proc-not-done-reason-vs</b></p><a name=\"stroke-proc-not-done-reason-vs\"> </a><a name=\"hcstroke-proc-not-done-reason-vs\"> </a><ul><li>Include all codes defined in <a href=\"CodeSystem-stroke-proc-not-done-reason-cs.html\"><code>http://testSK.org/CodeSystem/stroke-proc-not-done-reason-cs</code></a></li></ul></div>"
  },
  "url" : "http://testSK.org/ValueSet/stroke-proc-not-done-reason-vs",
  "version" : "0.1.0",
  "name" : "StrokeProcNotDoneReasonVS",
  "title" : "Stroke Procedure Not Done Reason ValueSet",
  "status" : "active",
  "date" : "2025-09-04T12:43:39+00:00",
  "publisher" : "UMU",
  "contact" : [{
    "name" : "UMU",
    "telecom" : [{
      "system" : "url",
      "value" : "http://testSK.org/umu"
    }]
  }],
  "description" : "ValueSet containing specific codes to indicate why thrombolysis or thrombectomy was not performed.",
  "compose" : {
    "include" : [{
      "system" : "http://testSK.org/CodeSystem/stroke-proc-not-done-reason-cs"
    }]
  }
}