{
  "resourceType" : "ValueSet",
  "id" : "carotid-imaging-modality-vs",
  "text" : {
    "status" : "generated",
    "div" : "<div xmlns=\"http://www.w3.org/1999/xhtml\"><p class=\"res-header-id\"><b>Generated Narrative: ValueSet carotid-imaging-modality-vs</b></p><a name=\"carotid-imaging-modality-vs\"> </a><a name=\"hccarotid-imaging-modality-vs\"> </a><ul><li>Include these codes as defined in <a href=\"http://www.snomed.org/\"><code>http://snomed.info/sct</code></a><table class=\"none\"><tr><td style=\"white-space:nowrap\"><b>Code</b></td><td><b>Display</b></td></tr><tr><td><a href=\"http://snomed.info/id/58920005\">58920005</a></td><td>Angiography of carotid artery (procedure)</td></tr><tr><td><a href=\"http://snomed.info/id/416940007\">416940007</a></td><td>Doppler ultrasonography of carotid arteries (procedure)</td></tr><tr><td><a href=\"http://snomed.info/id/419949007\">419949007</a></td><td>Computed tomography angiography of intracranial artery with contrast (procedure)</td></tr><tr><td><a href=\"http://snomed.info/id/1366357009\">1366357009</a></td><td>Magnetic resonance imaging angiography of intracranial artery (procedure)</td></tr></table></li></ul></div>"
  },
  "url" : "http://testSK.org/ValueSet/carotid-imaging-modality-vs",
  "version" : "0.1.0",
  "name" : "CarotidImagingModalityVS",
  "title" : "Carotid Arteries Imaging Modality ValueSet",
  "status" : "active",
  "date" : "2025-09-23T08:52:02+00:00",
  "publisher" : "UMU",
  "contact" : [{
    "name" : "UMU",
    "telecom" : [{
      "system" : "url",
      "value" : "http://testSK.org/umu"
    }]
  }],
  "description" : "Defines codes for different types of carotid artery imaging.",
  "compose" : {
    "include" : [{
      "system" : "http://snomed.info/sct",
      "concept" : [{
        "code" : "58920005",
        "display" : "Angiography of carotid artery (procedure)"
      },
      {
        "code" : "416940007",
        "display" : "Doppler ultrasonography of carotid arteries (procedure)"
      },
      {
        "code" : "419949007",
        "display" : "Computed tomography angiography of intracranial artery with contrast (procedure)"
      },
      {
        "code" : "1366357009",
        "display" : "Magnetic resonance imaging angiography of intracranial artery (procedure)"
      }]
    }]
  }
}