{
  "resourceType" : "ValueSet",
  "id" : "medication-vs",
  "text" : {
    "status" : "generated",
    "div" : "<div xmlns=\"http://www.w3.org/1999/xhtml\"><p class=\"res-header-id\"><b>Generated Narrative: ValueSet medication-vs</b></p><a name=\"medication-vs\"> </a><a name=\"hcmedication-vs\"> </a><a name=\"medication-vs-en-US\"> </a><ul><li>Include these codes as defined in <a href=\"http://www.snomed.org/\"><code>http://snomed.info/sct</code></a><table class=\"none\"><tr><td style=\"white-space:nowrap\"><b>Code</b></td><td><b>Display</b></td></tr><tr><td><a href=\"http://snomed.info/id/372756006\">372756006</a></td><td>Warfarin (substance)</td></tr><tr><td><a href=\"http://snomed.info/id/698871007\">698871007</a></td><td>Dabigatran (substance)</td></tr><tr><td><a href=\"http://snomed.info/id/442031002\">442031002</a></td><td>Rivaroxaban (substance)</td></tr><tr><td><a href=\"http://snomed.info/id/698090000\">698090000</a></td><td>Apixaban (substance)</td></tr><tr><td><a href=\"http://snomed.info/id/712778008\">712778008</a></td><td>Edoxaban (substance)</td></tr><tr><td><a href=\"http://snomed.info/id/372862008\">372862008</a></td><td>Anticoagulant (substance)</td></tr><tr><td><a href=\"http://snomed.info/id/387458008\">387458008</a></td><td>Aspirin (substance)</td></tr><tr><td><a href=\"http://snomed.info/id/386952008\">386952008</a></td><td>Clopidogrel (substance)</td></tr><tr><td><a href=\"http://snomed.info/id/698805004\">698805004</a></td><td>Ticagrelor (substance)</td></tr><tr><td><a href=\"http://snomed.info/id/443129001\">443129001</a></td><td>Prasugrel (substance)</td></tr><tr><td><a href=\"http://snomed.info/id/387371005\">387371005</a></td><td>Dipyridamole (substance)</td></tr><tr><td><a href=\"http://snomed.info/id/771451006\">771451006</a></td><td>Platelet aggregation inhibitor (disposition)</td></tr><tr><td><a href=\"http://snomed.info/id/372562003\">372562003</a></td><td>Enoxaparin (substance)</td></tr></table></li></ul></div>"
  },
  "url" : "http://testSK.org/ValueSet/medication-vs",
  "version" : "0.1.0",
  "name" : "MedicationVS",
  "title" : "Medications ValueSet",
  "status" : "draft",
  "date" : "2025-06-04T08:16:37+00:00",
  "publisher" : "UMU",
  "contact" : [{
    "name" : "UMU",
    "telecom" : [{
      "system" : "url",
      "value" : "http://testSK.org/umu"
    }]
  }],
  "description" : "SNOMED CT codes for drug products or substances.",
  "compose" : {
    "include" : [{
      "system" : "http://snomed.info/sct",
      "concept" : [{
        "code" : "372756006",
        "display" : "Warfarin (substance)"
      },
      {
        "code" : "698871007",
        "display" : "Dabigatran (substance)"
      },
      {
        "code" : "442031002",
        "display" : "Rivaroxaban (substance)"
      },
      {
        "code" : "698090000",
        "display" : "Apixaban (substance)"
      },
      {
        "code" : "712778008",
        "display" : "Edoxaban (substance)"
      },
      {
        "code" : "372862008",
        "display" : "Anticoagulant (substance)"
      },
      {
        "code" : "387458008",
        "display" : "Aspirin (substance)"
      },
      {
        "code" : "386952008",
        "display" : "Clopidogrel (substance)"
      },
      {
        "code" : "698805004",
        "display" : "Ticagrelor (substance)"
      },
      {
        "code" : "443129001",
        "display" : "Prasugrel (substance)"
      },
      {
        "code" : "387371005",
        "display" : "Dipyridamole (substance)"
      },
      {
        "code" : "771451006",
        "display" : "Platelet aggregation inhibitor (disposition)"
      },
      {
        "code" : "372562003",
        "display" : "Enoxaparin (substance)"
      }]
    }]
  }
}