<?xml version="1.0" encoding="UTF-8"?>

<ValueSet xmlns="http://hl7.org/fhir">
  <id value="stroke-etiology-vs"/>
  <text>
    <status value="generated"/><div xmlns="http://www.w3.org/1999/xhtml"><p class="res-header-id"><b>Generated Narrative: ValueSet stroke-etiology-vs</b></p><a name="stroke-etiology-vs"> </a><a name="hcstroke-etiology-vs"> </a><ul><li>Include these codes as defined in <a href="http://www.snomed.org/"><code>http://snomed.info/sct</code></a><table class="none"><tr><td style="white-space:nowrap"><b>Code</b></td><td><b>Display</b></td></tr><tr><td><a href="http://snomed.info/id/724425005">724425005</a></td><td>Cerebral ischemic stroke due to intracranial large artery atherosclerosis (disorder)</td></tr><tr><td><a href="http://snomed.info/id/724426006">724426006</a></td><td>Cerebral ischemic stroke due to extracranial large artery atherosclerosis (disorder)</td></tr><tr><td><a href="http://snomed.info/id/1251566005">1251566005</a></td><td>Embolism from heart (disorder)</td></tr><tr><td><a href="http://snomed.info/id/404684003">404684003</a></td><td>Clinical finding (finding)</td></tr><tr><td><a href="http://snomed.info/id/16891111000119104">16891111000119104</a></td><td>Cryptogenic stroke (disorder)</td></tr><tr><td><a href="http://snomed.info/id/230698000">230698000</a></td><td>Lacunar infarction (disorder)</td></tr><tr><td><a href="http://snomed.info/id/443929000">443929000</a></td><td>Small vessel cerebrovascular disease (disorder)</td></tr></table></li></ul></div>
  </text>
  <url value="http://testSK.org/ValueSet/stroke-etiology-vs"/>
  <version value="0.1.0"/>
  <name value="StrokeEtiologyVS"/>
  <title value="Stroke Etiology ValueSet"/>
  <status value="draft"/>
  <experimental value="true"/>
  <date value="2025-03-31"/>
  <publisher value="UMU"/>
  <contact>
    <name value="UMU"/>
    <telecom>
      <system value="url"/>
      <value value="http://testSK.org/umu"/>
    </telecom>
  </contact>
  <description value="Specifies the determined etiology of an stroke."/>
  <compose>
    <include>
      <system value="http://snomed.info/sct"/>
      <concept>
        <code value="724425005"/>
        <display value="Cerebral ischemic stroke due to intracranial large artery atherosclerosis (disorder)"/>
      </concept>
      <concept>
        <code value="724426006"/>
        <display value="Cerebral ischemic stroke due to extracranial large artery atherosclerosis (disorder)"/>
      </concept>
      <concept>
        <code value="1251566005"/>
        <display value="Embolism from heart (disorder)"/>
      </concept>
      <concept>
        <code value="404684003"/>
        <display value="Clinical finding (finding)"/>
      </concept>
      <concept>
        <code value="16891111000119104"/>
        <display value="Cryptogenic stroke (disorder)"/>
      </concept>
      <concept>
        <code value="230698000"/>
        <display value="Lacunar infarction (disorder)"/>
      </concept>
      <concept>
        <code value="443929000"/>
        <display value="Small vessel cerebrovascular disease (disorder)"/>
      </concept>
    </include>
  </compose>
</ValueSet>