{
  "resourceType" : "ValueSet",
  "id" : "discharge-medication-vs",
  "text" : {
    "status" : "generated",
    "div" : "<div xmlns=\"http://www.w3.org/1999/xhtml\"><p class=\"res-header-id\"><b>Generated Narrative: ValueSet discharge-medication-vs</b></p><a name=\"discharge-medication-vs\"> </a><a name=\"hcdischarge-medication-vs\"> </a><a name=\"discharge-medication-vs-en-US\"> </a><p>This value set includes codes based on the following rules:</p><ul><li>Import all the codes that are contained in <a href=\"ValueSet-medication-vs.html\">Medications ValueSet</a></li><li>Import all the codes that are contained in https://hl7.org/fhir/uv/ips/ValueSet-absent-or-unknown-medications-uv-ips.html</li></ul></div>"
  },
  "url" : "http://testSK.org/ValueSet/discharge-medication-vs",
  "version" : "0.1.0",
  "name" : "DischargeMedicationVS",
  "title" : "Medications ValueSet",
  "status" : "draft",
  "date" : "2025-06-04T08:35:18+00:00",
  "publisher" : "UMU",
  "contact" : [{
    "name" : "UMU",
    "telecom" : [{
      "system" : "url",
      "value" : "http://testSK.org/umu"
    }]
  }],
  "description" : "Codes for drug products or substances representing the Medications on the patient discharge.",
  "compose" : {
    "include" : [{
      "valueSet" : ["http://testSK.org/ValueSet/medication-vs"]
    },
    {
      "valueSet" : ["https://hl7.org/fhir/uv/ips/ValueSet-absent-or-unknown-medications-uv-ips.html"]
    }]
  }
}