<?xml version="1.0" encoding="UTF-8"?>

<ValueSet xmlns="http://hl7.org/fhir">
  <id value="stroke-risk-factor-snomed-vs"/>
  <text>
    <status value="generated"/><div xmlns="http://www.w3.org/1999/xhtml"><p class="res-header-id"><b>Generated Narrative: ValueSet stroke-risk-factor-snomed-vs</b></p><a name="stroke-risk-factor-snomed-vs"> </a><a name="hcstroke-risk-factor-snomed-vs"> </a><ul><li>Include these codes as defined in <a href="http://www.snomed.org/"><code>http://snomed.info/sct</code></a><table class="none"><tr><td style="white-space:nowrap"><b>Code</b></td><td><b>Display</b></td></tr><tr><td><a href="http://snomed.info/id/5370000">5370000</a></td><td>Atrial flutter (disorder)</td></tr><tr><td><a href="http://snomed.info/id/49436004">49436004</a></td><td>Atrial fibrillation (disorder)</td></tr><tr><td><a href="http://snomed.info/id/22298006">22298006</a></td><td>Myocardial infarction (disorder)</td></tr><tr><td><a href="http://snomed.info/id/53741008">53741008</a></td><td>Coronary arteriosclerosis (disorder)</td></tr><tr><td><a href="http://snomed.info/id/73211009">73211009</a></td><td>Diabetes mellitus (disorder)</td></tr><tr><td><a href="http://snomed.info/id/55822004">55822004</a></td><td>Hyperlipidemia (disorder)</td></tr><tr><td><a href="http://snomed.info/id/38341003">38341003</a></td><td>Hypertensive disorder, systemic arterial (disorder)</td></tr><tr><td><a href="http://snomed.info/id/230706003">230706003</a></td><td>Hemorrhagic cerebral infarction (disorder)</td></tr><tr><td><a href="http://snomed.info/id/266257000">266257000</a></td><td>Transient ischemic attack (disorder)</td></tr><tr><td><a href="http://snomed.info/id/422504002">422504002</a></td><td>Ischemic stroke (disorder)</td></tr><tr><td><a href="http://snomed.info/id/230690007">230690007</a></td><td>Cerebrovascular accident (disorder)</td></tr></table></li></ul></div>
  </text>
  <url value="http://testSK.org/ValueSet/stroke-risk-factor-snomed-vs"/>
  <version value="0.1.0"/>
  <name value="StrokeRiskFactorSNOMEDVS"/>
  <title value="Stroke Risk Factor ValueSet"/>
  <status value="active"/>
  <date value="2025-09-22T15:14:25+00:00"/>
  <publisher value="UMU"/>
  <contact>
    <name value="UMU"/>
    <telecom>
      <system value="url"/>
      <value value="http://testSK.org/umu"/>
    </telecom>
  </contact>
  <description value="Defines the SNOMED CT codes for conditions or risk factors relevant to stroke."/>
  <compose>
    <include>
      <system value="http://snomed.info/sct"/>
      <concept>
        <code value="5370000"/>
        <display value="Atrial flutter (disorder)"/>
      </concept>
      <concept>
        <code value="49436004"/>
        <display value="Atrial fibrillation (disorder)"/>
      </concept>
      <concept>
        <code value="22298006"/>
        <display value="Myocardial infarction (disorder)"/>
      </concept>
      <concept>
        <code value="53741008"/>
        <display value="Coronary arteriosclerosis (disorder)"/>
      </concept>
      <concept>
        <code value="73211009"/>
        <display value="Diabetes mellitus (disorder)"/>
      </concept>
      <concept>
        <code value="55822004"/>
        <display value="Hyperlipidemia (disorder)"/>
      </concept>
      <concept>
        <code value="38341003"/>
        <display value="Hypertensive disorder, systemic arterial (disorder)"/>
      </concept>
      <concept>
        <code value="230706003"/>
        <display value="Hemorrhagic cerebral infarction (disorder)"/>
      </concept>
      <concept>
        <code value="266257000"/>
        <display value="Transient ischemic attack (disorder)"/>
      </concept>
      <concept>
        <code value="422504002"/>
        <display value="Ischemic stroke (disorder)"/>
      </concept>
      <concept>
        <code value="230690007"/>
        <display value="Cerebrovascular accident (disorder)"/>
      </concept>
    </include>
  </compose>
</ValueSet>