{
  "resourceType" : "ValueSet",
  "id" : "discharge-destination-vs",
  "text" : {
    "status" : "generated",
    "div" : "<div xmlns=\"http://www.w3.org/1999/xhtml\"><p class=\"res-header-id\"><b>Generated Narrative: ValueSet discharge-destination-vs</b></p><a name=\"discharge-destination-vs\"> </a><a name=\"hcdischarge-destination-vs\"> </a><ul><li>Include these codes as defined in <a href=\"http://www.snomed.org/\"><code>http://snomed.info/sct</code></a> version <span title=\"Version is not explicity stated. No matching Code System found\">Not Stated (use latest from terminology server)</span><table class=\"none\"><tr><td style=\"white-space:nowrap\"><b>Code</b></td><td><b>Display</b></td></tr><tr><td><a href=\"http://snomed.info/id/306689006\">306689006</a></td><td>Discharge to home (procedure)</td></tr><tr><td><a href=\"http://snomed.info/id/306706006\">306706006</a></td><td>Discharge to ward (procedure)</td></tr><tr><td><a href=\"http://snomed.info/id/19712007\">19712007</a></td><td>Patient transfer, to another health care facility (procedure)</td></tr><tr><td><a href=\"http://snomed.info/id/306691003\">306691003</a></td><td>Discharge to residential home (procedure)</td></tr><tr><td><a href=\"http://snomed.info/id/305398007\">305398007</a></td><td>Admission to the mortuary (procedure)</td></tr></table></li></ul></div>"
  },
  "url" : "http://testSK.org/ValueSet/discharge-destination-vs",
  "version" : "0.1.0",
  "name" : "DischargeDestinationValueSet",
  "title" : "Discharge Destination ValueSet",
  "status" : "draft",
  "experimental" : true,
  "date" : "2025-03-31",
  "publisher" : "UMU",
  "contact" : [{
    "name" : "UMU",
    "telecom" : [{
      "system" : "url",
      "value" : "http://testSK.org/umu"
    }]
  }],
  "description" : "Defines possible patient discharge destinations.",
  "immutable" : false,
  "purpose" : "To support consistent recording of discharge destinations for analytics, reporting, and care coordination.",
  "copyright" : "This value set includes SNOMED CT® content. SNOMED CT® is distributed by SNOMED International.",
  "compose" : {
    "include" : [{
      "system" : "http://snomed.info/sct",
      "concept" : [{
        "code" : "306689006",
        "display" : "Discharge to home (procedure)"
      },
      {
        "code" : "306706006",
        "display" : "Discharge to ward (procedure)"
      },
      {
        "code" : "19712007",
        "display" : "Patient transfer, to another health care facility (procedure)"
      },
      {
        "code" : "306691003",
        "display" : "Discharge to residential home (procedure)"
      },
      {
        "code" : "305398007",
        "display" : "Admission to the mortuary (procedure)"
      }]
    }]
  }
}