{
  "resourceType" : "ValueSet",
  "id" : "stroke-diagnosis-vs",
  "text" : {
    "status" : "generated",
    "div" : "<div xmlns=\"http://www.w3.org/1999/xhtml\"><p class=\"res-header-id\"><b>Generated Narrative: ValueSet stroke-diagnosis-vs</b></p><a name=\"stroke-diagnosis-vs\"> </a><a name=\"hcstroke-diagnosis-vs\"> </a><a name=\"stroke-diagnosis-vs-en-US\"> </a><ul><li>Include these codes as defined in <a href=\"http://www.snomed.org/\"><code>http://snomed.info/sct</code></a><table class=\"none\"><tr><td style=\"white-space:nowrap\"><b>Code</b></td><td><b>Display</b></td></tr><tr><td><a href=\"http://snomed.info/id/422504002\">422504002</a></td><td>Ischemic stroke (disorder)</td></tr><tr><td><a href=\"http://snomed.info/id/274100004\">274100004</a></td><td>Cerebral hemorrhage (disorder)</td></tr><tr><td><a href=\"http://snomed.info/id/266257000\">266257000</a></td><td>Transient ischemic attack (disorder)</td></tr><tr><td><a href=\"http://snomed.info/id/21454007\">21454007</a></td><td>Subarachnoid intracranial hemorrhage (disorder)</td></tr><tr><td><a href=\"http://snomed.info/id/95455008\">95455008</a></td><td>Thrombosis of cerebral veins (disorder)</td></tr></table></li></ul></div>"
  },
  "url" : "http://testSK.org/ValueSet/stroke-diagnosis-vs",
  "version" : "0.1.0",
  "name" : "StrokeDiagnosisVS",
  "title" : "Stroke Diagnosis ValueSet",
  "status" : "active",
  "date" : "2025-06-04T08:27:13+00:00",
  "publisher" : "UMU",
  "contact" : [{
    "name" : "UMU",
    "telecom" : [{
      "system" : "url",
      "value" : "http://testSK.org/umu"
    }]
  }],
  "description" : "Defines the SNOMED CT codes for final stroke diagnoses, including specific types and etiologies where applicable.",
  "compose" : {
    "include" : [{
      "system" : "http://snomed.info/sct",
      "concept" : [{
        "code" : "422504002",
        "display" : "Ischemic stroke (disorder)"
      },
      {
        "code" : "274100004",
        "display" : "Cerebral hemorrhage (disorder)"
      },
      {
        "code" : "266257000",
        "display" : "Transient ischemic attack (disorder)"
      },
      {
        "code" : "21454007",
        "display" : "Subarachnoid intracranial hemorrhage (disorder)"
      },
      {
        "code" : "95455008",
        "display" : "Thrombosis of cerebral veins (disorder)"
      }]
    }]
  }
}