<?xml version="1.0" encoding="UTF-8"?>

<ValueSet xmlns="http://hl7.org/fhir">
  <id value="medicationStatement-meds-codes-vs"/>
  <text>
    <status value="generated"/><div xmlns="http://www.w3.org/1999/xhtml"><p class="res-header-id"><b>Generated Narrative: ValueSet medicationStatement-meds-codes-vs</b></p><a name="medicationStatement-meds-codes-vs"> </a><a name="hcmedicationStatement-meds-codes-vs"> </a><p>This value set includes codes based on the following rules:</p><ul><li>Include these codes as defined in <a href="http://www.snomed.org/"><code>http://snomed.info/sct</code></a><span title="Version is not explicity stated. No matching Code System found"> version Not Stated (use latest from terminology server)</span><table class="none"><tr><td style="white-space:nowrap"><b>Code</b></td><td><b>Display</b></td></tr><tr><td><a href="http://snomed.info/id/308116003">308116003</a></td><td>Antihypertensive therapy (procedure)</td></tr><tr><td><a href="http://snomed.info/id/182764009">182764009</a></td><td>Anticoagulant therapy (procedure)</td></tr><tr><td><a href="http://snomed.info/id/1237404009">1237404009</a></td><td>Uses hormone method of contraception (finding)</td></tr><tr><td><a href="http://snomed.info/id/315053001">315053001</a></td><td>Administration of prophylactic statin (procedure)</td></tr><tr><td><a href="http://snomed.info/id/722045009">722045009</a></td><td>Warfarin therapy (procedure)</td></tr></table></li><li>Include all codes defined in <a href="CodeSystem-medication-statement-cs.html"><code>http://testSK.org/CodeSystem/medication-statement-cs</code></a><span title="Version is not explicitly stated, which means it is fixed to the version provided in this specification"> version &#x1F4E6;0.1.0</span></li></ul></div>
  </text>
  <url value="http://testSK.org/ValueSet/medicationStatement-meds-codes-vs"/>
  <version value="0.1.0"/>
  <name value="MedicationStatementMedsCodes"/>
  <title value="MedicationStatement Therapy/Finding Codes"/>
  <status value="draft"/>
  <experimental value="true"/>
  <date value="2025-03-31"/>
  <publisher value="UMU"/>
  <contact>
    <name value="UMU"/>
    <telecom>
      <system value="url"/>
      <value value="http://testSK.org/umu"/>
    </telecom>
  </contact>
  <description value="ValueSet containing SNOMED CT codes representing various medication-related procedures and findings (e.g., therapies, administration procedures, findings about use). "/>
  <compose>
    <include>
      <system value="http://snomed.info/sct"/>
      <concept>
        <code value="308116003"/>
        <display value="Antihypertensive therapy (procedure)"/>
      </concept>
      <concept>
        <code value="182764009"/>
        <display value="Anticoagulant therapy (procedure)"/>
      </concept>
      <concept>
        <code value="1237404009"/>
        <display value="Uses hormone method of contraception (finding)"/>
      </concept>
      <concept>
        <code value="315053001"/>
        <display value="Administration of prophylactic statin (procedure)"/>
      </concept>
      <concept>
        <code value="722045009"/>
        <display value="Warfarin therapy (procedure)"/>
      </concept>
    </include>
    <include>
      <system value="http://testSK.org/CodeSystem/medication-statement-cs"/>
    </include>
  </compose>
</ValueSet>