{
  "resourceType" : "ValueSet",
  "id" : "swallowing-screening-timing-category-vs",
  "text" : {
    "status" : "generated",
    "div" : "<div xmlns=\"http://www.w3.org/1999/xhtml\"><p class=\"res-header-id\"><b>Generated Narrative: ValueSet swallowing-screening-timing-category-vs</b></p><a name=\"swallowing-screening-timing-category-vs\"> </a><a name=\"hcswallowing-screening-timing-category-vs\"> </a><a name=\"swallowing-screening-timing-category-vs-en-US\"> </a><ul><li>Include all codes defined in <a href=\"CodeSystem-swallow-screen-time-cs.html\"><code>http://testSK.org/CodeSystem/swallow-screen-time-cs</code></a></li></ul></div>"
  },
  "url" : "http://testSK.org/ValueSet/swallowing-screening-timing-category-vs",
  "version" : "0.1.0",
  "name" : "SwallowingScreeningTimingCategoryVS",
  "title" : "Swallowing Screening Timing Category ValueSet",
  "status" : "active",
  "date" : "2025-06-04T08:27:13+00:00",
  "publisher" : "UMU",
  "contact" : [{
    "name" : "UMU",
    "telecom" : [{
      "system" : "url",
      "value" : "http://testSK.org/umu"
    }]
  }],
  "description" : "Temporal categories relative to stroke onset for swallowing screening.",
  "compose" : {
    "include" : [{
      "system" : "http://testSK.org/CodeSystem/swallow-screen-time-cs"
    }]
  }
}