{
  "resourceType" : "ValueSet",
  "id" : "vital-sign-codes-vs",
  "text" : {
    "status" : "generated",
    "div" : "<div xmlns=\"http://www.w3.org/1999/xhtml\"><p class=\"res-header-id\"><b>Generated Narrative: ValueSet vital-sign-codes-vs</b></p><a name=\"vital-sign-codes-vs\"> </a><a name=\"hcvital-sign-codes-vs\"> </a><ul><li>Include these codes as defined in <a href=\"http://www.snomed.org/\"><code>http://snomed.info/sct</code></a><table class=\"none\"><tr><td style=\"white-space:nowrap\"><b>Code</b></td><td><b>Display</b></td></tr><tr><td><a href=\"http://snomed.info/id/271649006\">271649006</a></td><td>Systolic blood pressure (observable entity)</td></tr><tr><td><a href=\"http://snomed.info/id/271650006\">271650006</a></td><td>Diastolic blood pressure (observable entity)</td></tr></table></li></ul></div>"
  },
  "url" : "http://testSK.org/ValueSet/vital-sign-codes-vs",
  "version" : "0.1.0",
  "name" : "VitalSignCodesVS",
  "title" : "Stroke Vital Sign Codes ValueSet",
  "status" : "active",
  "experimental" : true,
  "date" : "2025-09-22T08:26:26+00:00",
  "publisher" : "UMU",
  "contact" : [{
    "name" : "UMU",
    "telecom" : [{
      "system" : "url",
      "value" : "http://testSK.org/umu"
    }]
  }],
  "description" : "Codes for key vital signs relevant to stroke assessment (Systolic, Diastolic BP).",
  "compose" : {
    "include" : [{
      "system" : "http://snomed.info/sct",
      "concept" : [{
        "code" : "271649006",
        "display" : "Systolic blood pressure (observable entity)"
      },
      {
        "code" : "271650006",
        "display" : "Diastolic blood pressure (observable entity)"
      }]
    }]
  }
}