<?xml version="1.0" encoding="UTF-8"?>

<ValueSet xmlns="http://hl7.org/fhir">
  <id value="medication-vs"/>
  <text>
    <status value="generated"/><div xmlns="http://www.w3.org/1999/xhtml"><p class="res-header-id"><b>Generated Narrative: ValueSet medication-vs</b></p><a name="medication-vs"> </a><a name="hcmedication-vs"> </a><ul><li>Include these codes as defined in <a href="http://www.snomed.org/"><code>http://snomed.info/sct</code></a><table class="none"><tr><td style="white-space:nowrap"><b>Code</b></td><td><b>Display</b></td></tr><tr><td><a href="http://snomed.info/id/372756006">372756006</a></td><td>Warfarin (substance)</td></tr><tr><td><a href="http://snomed.info/id/698871007">698871007</a></td><td>Dabigatran (substance)</td></tr><tr><td><a href="http://snomed.info/id/442031002">442031002</a></td><td>Rivaroxaban (substance)</td></tr><tr><td><a href="http://snomed.info/id/698090000">698090000</a></td><td>Apixaban (substance)</td></tr><tr><td><a href="http://snomed.info/id/712778008">712778008</a></td><td>Edoxaban (substance)</td></tr><tr><td><a href="http://snomed.info/id/372862008">372862008</a></td><td>Anticoagulant (substance)</td></tr><tr><td><a href="http://snomed.info/id/387458008">387458008</a></td><td>Aspirin (substance)</td></tr><tr><td><a href="http://snomed.info/id/386952008">386952008</a></td><td>Clopidogrel (substance)</td></tr><tr><td><a href="http://snomed.info/id/698805004">698805004</a></td><td>Ticagrelor (substance)</td></tr><tr><td><a href="http://snomed.info/id/443129001">443129001</a></td><td>Prasugrel (substance)</td></tr><tr><td><a href="http://snomed.info/id/387371005">387371005</a></td><td>Dipyridamole (substance)</td></tr><tr><td><a href="http://snomed.info/id/771451006">771451006</a></td><td>Platelet aggregation inhibitor (disposition)</td></tr><tr><td><a href="http://snomed.info/id/372562003">372562003</a></td><td>Enoxaparin (substance)</td></tr></table></li></ul></div>
  </text>
  <url value="http://testSK.org/ValueSet/medication-vs"/>
  <version value="0.1.0"/>
  <name value="MedicationVS"/>
  <title value="Medications ValueSet"/>
  <status value="draft"/>
  <date value="2025-08-29T09:46:03+00:00"/>
  <publisher value="UMU"/>
  <contact>
    <name value="UMU"/>
    <telecom>
      <system value="url"/>
      <value value="http://testSK.org/umu"/>
    </telecom>
  </contact>
  <description value="SNOMED CT codes for drug products or substances."/>
  <compose>
    <include>
      <system value="http://snomed.info/sct"/>
      <concept>
        <code value="372756006"/>
        <display value="Warfarin (substance)"/>
      </concept>
      <concept>
        <code value="698871007"/>
        <display value="Dabigatran (substance)"/>
      </concept>
      <concept>
        <code value="442031002"/>
        <display value="Rivaroxaban (substance)"/>
      </concept>
      <concept>
        <code value="698090000"/>
        <display value="Apixaban (substance)"/>
      </concept>
      <concept>
        <code value="712778008"/>
        <display value="Edoxaban (substance)"/>
      </concept>
      <concept>
        <code value="372862008"/>
        <display value="Anticoagulant (substance)"/>
      </concept>
      <concept>
        <code value="387458008"/>
        <display value="Aspirin (substance)"/>
      </concept>
      <concept>
        <code value="386952008"/>
        <display value="Clopidogrel (substance)"/>
      </concept>
      <concept>
        <code value="698805004"/>
        <display value="Ticagrelor (substance)"/>
      </concept>
      <concept>
        <code value="443129001"/>
        <display value="Prasugrel (substance)"/>
      </concept>
      <concept>
        <code value="387371005"/>
        <display value="Dipyridamole (substance)"/>
      </concept>
      <concept>
        <code value="771451006"/>
        <display value="Platelet aggregation inhibitor (disposition)"/>
      </concept>
      <concept>
        <code value="372562003"/>
        <display value="Enoxaparin (substance)"/>
      </concept>
    </include>
  </compose>
</ValueSet>