<?xml version="1.0" encoding="UTF-8"?>

<ValueSet xmlns="http://hl7.org/fhir">
  <id value="stroke-discharge-destination-vs"/>
  <text>
    <status value="generated"/><div xmlns="http://www.w3.org/1999/xhtml"><p class="res-header-id"><b>Generated Narrative: ValueSet stroke-discharge-destination-vs</b></p><a name="stroke-discharge-destination-vs"> </a><a name="hcstroke-discharge-destination-vs"> </a><ul><li>Include these codes as defined in <a href="http://www.snomed.org/"><code>http://snomed.info/sct</code></a><table class="none"><tr><td style="white-space:nowrap"><b>Code</b></td><td><b>Display</b></td></tr><tr><td><a href="http://snomed.info/id/306689006">306689006</a></td><td>Discharge to home (procedure)</td></tr><tr><td><a href="http://snomed.info/id/37729005">37729005</a></td><td>Patient transfer, in-hospital (procedure)</td></tr><tr><td><a href="http://snomed.info/id/19712007">19712007</a></td><td>Patient transfer, to another health care facility (procedure)</td></tr><tr><td><a href="http://snomed.info/id/306694006">306694006</a></td><td>Discharge to nursing home (procedure)</td></tr><tr><td><a href="http://snomed.info/id/371828006">371828006</a></td><td>Patient deceased during stay (discharge status = dead) (finding)</td></tr></table></li></ul></div>
  </text>
  <url value="http://testSK.org/ValueSet/stroke-discharge-destination-vs"/>
  <version value="0.1.0"/>
  <name value="StrokeDischargeDestinationVS"/>
  <title value="Stroke Discharge Destination ValueSet"/>
  <status value="active"/>
  <date value="2025-08-28T12:22:25+00:00"/>
  <publisher value="UMU"/>
  <contact>
    <name value="UMU"/>
    <telecom>
      <system value="url"/>
      <value value="http://testSK.org/umu"/>
    </telecom>
  </contact>
  <description value="Defines the possible destinations of the patient upon discharge from the encounter."/>
  <compose>
    <include>
      <system value="http://snomed.info/sct"/>
      <concept>
        <code value="306689006"/>
        <display value="Discharge to home (procedure)"/>
      </concept>
      <concept>
        <code value="37729005"/>
        <display value="Patient transfer, in-hospital (procedure)"/>
      </concept>
      <concept>
        <code value="19712007"/>
        <display value="Patient transfer, to another health care facility (procedure)"/>
      </concept>
      <concept>
        <code value="306694006"/>
        <display value="Discharge to nursing home (procedure)"/>
      </concept>
      <concept>
        <code value="371828006"/>
        <display value="Patient deceased during stay (discharge status = dead) (finding)"/>
      </concept>
    </include>
  </compose>
</ValueSet>