<?xml version="1.0" encoding="UTF-8"?>

<ValueSet xmlns="http://hl7.org/fhir">
  <id value="medicationStatement-meds-codes-vs"/>
  <text>
    <status value="generated"/><div xmlns="http://www.w3.org/1999/xhtml"><p class="res-header-id"><b>Generated Narrative: ValueSet medicationStatement-meds-codes-vs</b></p><a name="medicationStatement-meds-codes-vs"> </a><a name="hcmedicationStatement-meds-codes-vs"> </a><a name="medicationStatement-meds-codes-vs-en-US"> </a><ul><li>Include these codes as defined in <a href="http://www.snomed.org/"><code>http://snomed.info/sct</code></a><table class="none"><tr><td style="white-space:nowrap"><b>Code</b></td><td><b>Display</b></td></tr><tr><td><a href="http://snomed.info/id/413081008">413081008</a></td><td>Administration of prophylactic clopidogrel (procedure)</td></tr><tr><td><a href="http://snomed.info/id/308116003">308116003</a></td><td>Antihypertensive therapy (procedure)</td></tr><tr><td><a href="http://snomed.info/id/722045009">722045009</a></td><td>Warfarin therapy (procedure)</td></tr><tr><td><a href="http://snomed.info/id/1335906002">1335906002</a></td><td>Rivaroxaban therapy (procedure)</td></tr><tr><td><a href="http://snomed.info/id/1335908001">1335908001</a></td><td>Apixaban therapy (procedure)</td></tr><tr><td><a href="http://snomed.info/id/1338036007">1338036007</a></td><td>Edoxaban therapy (procedure)</td></tr><tr><td><a href="http://snomed.info/id/182764009">182764009</a></td><td>Anticoagulant therapy (procedure)</td></tr><tr><td><a href="http://snomed.info/id/315053001">315053001</a></td><td>Administration of prophylactic statin (procedure)</td></tr><tr><td><a href="http://snomed.info/id/443464003">443464003</a></td><td>Low molecular weight heparin therapy (procedure)</td></tr><tr><td><a href="http://snomed.info/id/735127005">735127005</a></td><td>Dipyridamole therapy (procedure)</td></tr><tr><td><a href="http://snomed.info/id/1237404009">1237404009</a></td><td>Uses hormone method of contraception (finding)</td></tr><tr><td><a href="http://snomed.info/id/416608005">416608005</a></td><td>Drug therapy (procedure)</td></tr></table></li></ul></div>
  </text>
  <url value="http://testSK.org/ValueSet/medicationStatement-meds-codes-vs"/>
  <version value="0.1.0"/>
  <name value="MedicationStatementMedsCodes"/>
  <title value="MedicationStatement Therapy/Finding Codes"/>
  <status value="draft"/>
  <experimental value="true"/>
  <date value="2025-03-31"/>
  <publisher value="UMU"/>
  <contact>
    <name value="UMU"/>
    <telecom>
      <system value="url"/>
      <value value="http://testSK.org/umu"/>
    </telecom>
  </contact>
  <description value="ValueSet containing SNOMED CT codes representing various medication-related procedures and findings (e.g., therapies, administration procedures, findings about use). "/>
  <compose>
    <include>
      <system value="http://snomed.info/sct"/>
      <concept>
        <code value="413081008"/>
        <display value="Administration of prophylactic clopidogrel (procedure)"/>
      </concept>
      <concept>
        <code value="308116003"/>
        <display value="Antihypertensive therapy (procedure)"/>
      </concept>
      <concept>
        <code value="722045009"/>
        <display value="Warfarin therapy (procedure)"/>
      </concept>
      <concept>
        <code value="1335906002"/>
        <display value="Rivaroxaban therapy (procedure)"/>
      </concept>
      <concept>
        <code value="1335908001"/>
        <display value="Apixaban therapy (procedure)"/>
      </concept>
      <concept>
        <code value="1338036007"/>
        <display value="Edoxaban therapy (procedure)"/>
      </concept>
      <concept>
        <code value="182764009"/>
        <display value="Anticoagulant therapy (procedure)"/>
      </concept>
      <concept>
        <code value="315053001"/>
        <display value="Administration of prophylactic statin (procedure)"/>
      </concept>
      <concept>
        <code value="443464003"/>
        <display value="Low molecular weight heparin therapy (procedure)"/>
      </concept>
      <concept>
        <code value="735127005"/>
        <display value="Dipyridamole therapy (procedure)"/>
      </concept>
      <concept>
        <code value="1237404009"/>
        <display value="Uses hormone method of contraception (finding)"/>
      </concept>
      <concept>
        <code value="416608005"/>
        <display value="Drug therapy (procedure)"/>
      </concept>
    </include>
  </compose>
</ValueSet>