URL,Version,Status,OIDs,Name,Title,Descriptino,Uses,Used,Sources
http://hl7.org/fhir/ValueSet/event-status,5.0.0,draft,"2.16.840.1.113883.4.642.3.109",EventStatus,EventStatus,"Codes identifying the lifecycle stage of an event.","StructureDefinition/stroke-carotid-imaging-procedure-profile,StructureDefinition/stroke-brain-imaging-procedure-profile,StructureDefinition/stroke-thrombolysis-procedure-profile,StructureDefinition/stroke-swallow-procedure-profile","hl7.fhir.r5.core"
http://testSK.org/ValueSet/admission-source-vs,0.1.0,draft,,AdmissionSourceValueset,Admission Sources ValueSet,"Defines the modes of transport or pathways by which the patient arrived.",,"SCT"
http://testSK.org/ValueSet/afib-flutter-status-vs,0.1.0,active,,AfibFlutterStatusVS,Atrial Fibrillation or Flutter Status ValueSet,"ValueSet for the status of Atrial Fibrillation or Flutter assessment.",,"Internal"
http://testSK.org/ValueSet/assessment-context-vs,0.1.0,active,,AssessmentContextVS,Assessment Context ValueSet,"ValueSet for assessment context codes (e.g., timing of functional scores).","StructureDefinition/observation-timing-context-ext","Internal"
http://testSK.org/ValueSet/brain-imaging-modality-vs,0.1.0,active,,BrainImagingModalityVS,Brain Imaging Modality ValueSet,"Defines the SNOMED CT codes for individual brain imaging modalities performed as procedures.","StructureDefinition/stroke-brain-imaging-procedure-profile","SCT,Internal"
http://testSK.org/ValueSet/carotid-imaging-modality-vs,0.1.0,active,,CarotidImagingModalityVS,Carotid Arteries Imaging Modality ValueSet,"Defines codes for different types of carotid artery imaging.","StructureDefinition/stroke-carotid-imaging-procedure-profile","SCT"
http://testSK.org/ValueSet/discharge-dept-vs,0.1.0,active,,DischargeDeptVS,Discharge Department/Service ValueSet,"ValueSet specifying the type of department or service the patient was discharged or transferred to.","StructureDefinition/discharge-department-service-ext","Internal"
http://testSK.org/ValueSet/discharge-destination-vs,0.1.0,draft,,DischargeDestinationValueset,Discharge Destination ValueSet,"Defines possible patient discharge destinations.",,"SCT"
http://testSK.org/ValueSet/discharge-medication-vs,0.1.0,draft,,DischargeMedicationVS,Medications ValueSet,"Codes for drug products or substances representing the Medications on the patient discharge.","StructureDefinition/discharge-medication-request-profile","Internal"
http://testSK.org/ValueSet/functional-score-codes-vs,0.1.0,active,,FunctionalScoreCodesVS,Stroke Functional Score Codes ValueSet,"Codes for key functional scores used in stroke (mRS, NIHSS).","StructureDefinition/functional-score-observation-profile","SCT"
http://testSK.org/ValueSet/hemorrhagic-stroke-bleeding-reason-vs,0.1.0,draft,,HemorrhagicStrokeBleedingReasonVS,Hemorrhagic Stroke Bleeding Reason ValueSet,"Specifies the identified cause of a hemorrhagic stroke, typically used with an extension.","StructureDefinition/hemorrhagic-stroke-bleeding-reason-ext","Internal"
http://testSK.org/ValueSet/initial-care-intensity-vs,0.1.0,active,,InitialCareIntensityVS,Initial Care Intensity ValueSet,"ValueSet indicating the level of care provided initially.","StructureDefinition/initial-care-intensity-ext","Internal"
http://testSK.org/ValueSet/medicationStatement-meds-codes-vs,0.1.0,draft,,MedicationStatementMedsCodes,MedicationStatement Therapy/Finding Codes,"ValueSet containing SNOMED CT codes representing various medication-related procedures and findings (e.g., therapies, administration procedures, findings about use). ","StructureDefinition/prior-medication-statement-profile","SCT,Internal"
http://testSK.org/ValueSet/mrs-score-vs,0.1.0,active,,MRsScoreVS,modified Rankin Scale (mRS) Score ValueSet,"ValueSet containing the codes for the modified Rankin Scale (mRS) score.","StructureDefinition/functional-score-observation-profile","Internal"
http://testSK.org/ValueSet/mtici-code-vs,0.1.0,active,,mTICICodeVS,mTICI Score Codes ValueSet,"ValueSet containing the codes to represent the mTICI score used to assess the degree of reperfusion after a thrombectomy procedure.","ValueSet/stroke-finding-codes-vs","Internal"
http://testSK.org/ValueSet/mtici-score-vs,0.1.0,draft,,MTICIScoreValueSet,mTICI Score ValueSet,"ValueSet containing the codes to represent the mTICI score used to assess the degree of reperfusion after a thrombectomy procedure.",,"Internal"
http://testSK.org/ValueSet/perforation-procedures-vs,0.1.0,draft,,PerforationProceduresValueset,Perforation Procedures ValueSet,"ValueSet containing SNOMED CT codes representing a range of perforation procedures.","StructureDefinition/stroke-thrombolysis-procedure-profile","SCT"
http://testSK.org/ValueSet/procedure-timing-context-vs,0.1.0,active,,ProcedureTimingContextVS,Procedure Timing Context ValueSet,"ValueSet for codes defining the timing phase of a procedure relative to the encounter start.","StructureDefinition/procedure-timing-context-ext","Internal"
http://testSK.org/ValueSet/specific-finding-codes-vs,0.1.0,active,,SpecificFindingCodesVS,Specific Stroke Finding Codes ValueSet,"Codes for specific clinical findings relevant to stroke (Afib/Flutter status, mTICI score).","ValueSet/stroke-finding-codes-vs","SCT"
http://testSK.org/ValueSet/stroke-arrival-mode-vs,0.1.0,active,,StrokeArrivalModeVS,Stroke Arrival Mode ValueSet,"ValueSet specifying the mode and origin of the patient's arrival.","StructureDefinition/stroke-encounter-profile","Internal"
http://testSK.org/ValueSet/stroke-circumstance-codes-vs,0.1.0,active,,StrokeCircumstanceCodesVS,Stroke Circumstance Codes ValueSet,"Codes for findings related to the circumstances of stroke onset (In-hospital, Wake-up).","StructureDefinition/stroke-circumstance-observation-profile","SCT"
http://testSK.org/ValueSet/stroke-diagnosis-vs,0.1.0,active,,StrokeDiagnosisVS,Stroke Diagnosis ValueSet,"Defines the SNOMED CT codes for final stroke diagnoses, including specific types and etiologies where applicable.","StructureDefinition/stroke-diagnosis-condition-profile","SCT"
http://testSK.org/ValueSet/stroke-discharge-destination-vs,0.1.0,active,,StrokeDischargeDestinationVS,Stroke Discharge Destination ValueSet,"Defines the possible destinations of the patient upon discharge from the encounter.","StructureDefinition/stroke-encounter-profile","SCT,Internal"
http://testSK.org/ValueSet/stroke-etiology-vs,0.1.0,draft,,StrokeEtiologyVS,Stroke Etiology ValueSet,"Specifies the determined etiology of an stroke.","StructureDefinition/ischemic-stroke-etiology-ext","SCT,Internal"
http://testSK.org/ValueSet/stroke-finding-codes-vs,0.1.0,active,,StrokeFindingCodesVS,Specific Stroke Finding Codes ValueSet,"ValueSet for specific coded findings like Afib/Flutter status or mTICI score.","StructureDefinition/specific-finding-observation-profile",
http://testSK.org/ValueSet/stroke-proc-not-done-reason-vs,0.1.0,active,,StrokeProcNotDoneReasonVS,Stroke Procedure Not Done Reason ValueSet,"ValueSet containing specific codes to indicate why thrombolysis or thrombectomy was not performed.","StructureDefinition/stroke-carotid-imaging-procedure-profile,StructureDefinition/stroke-brain-imaging-procedure-profile,StructureDefinition/stroke-thrombolysis-procedure-profile,StructureDefinition/stroke-swallow-procedure-profile","Internal"
http://testSK.org/ValueSet/stroke-risk-factor-snomed-vs,0.1.0,active,,StrokeRiskFactorSNOMEDVS,Stroke Risk Factor ValueSet,"Defines the SNOMED CT codes for conditions or risk factors relevant to stroke.","StructureDefinition/stroke-risk-factor-condition-profile","SCT"
http://testSK.org/ValueSet/swallow-procedures-vs,0.1.0,draft,,SwallowProceduresValueset,Swallow Procedures ValueSet,"ValueSet containing SNOMED CT codes representing a range of procedures used in the evaluation and management of stroke patients.","StructureDefinition/stroke-swallow-procedure-profile","SCT,Internal"
http://testSK.org/ValueSet/swallowing-screening-timing-category-vs,0.1.0,active,,SwallowingScreeningTimingCategoryVS,Swallowing Screening Timing Category ValueSet,"Temporal categories relative to stroke onset for swallowing screening.","StructureDefinition/swallowing-screening-timing-category-ext","SCT,Internal"
http://testSK.org/ValueSet/thrombectomy-complication-vs,0.1.0,active,,ThrombectomyComplicationVS,Thrombectomy Complication ValueSet,"Defines the specific complications of thrombectomy to record.",,"SCT"
http://testSK.org/ValueSet/timing-metric-codes-vs,0.1.0,active,,TimingMetricCodesVS,Stroke Timing Metric Codes ValueSet,"ValueSet for key process timing metrics in acute stroke care (D2N, D2G).","StructureDefinition/timing-metric-observation-profile","Internal"
http://testSK.org/ValueSet/vital-sign-codes-vs,0.1.0,active,,VitalSignCodesVS,Stroke Vital Sign Codes ValueSet,"Codes for key vital signs relevant to stroke assessment (Systolic, Diastolic BP).","StructureDefinition/vital-sign-observation-profile","SCT"
http://testSK.org/ValueSet/vs-gender-snomed,0.1.0,active,,GenderSNOMEDVS,Gender (SNOMED CT),"Value set to represent patient gender using SNOMED CT codes, analogous to AdministrativeGender.","StructureDefinition/gender-snomed-ext","SCT"
