{"resourceType":"CodeSystem","id":"discharge-medication-cs","text":{"status":"generated","div":"<div xmlns=\"http://www.w3.org/1999/xhtml\"><p class=\"res-header-id\"><b>Generated Narrative: CodeSystem discharge-medication-cs</b></p><a name=\"discharge-medication-cs\"> </a><a name=\"hcdischarge-medication-cs\"> </a><p>This  code system <code>http://testSK.org/ValueSet/medication-vs</code> defines the following codes:</p><table class=\"codes\"><tr><td style=\"white-space:nowrap\"><b>Code</b></td><td><b>Display</b></td><td><b>Definition</b></td></tr><tr><td style=\"white-space:nowrap\">anticoagulant<a name=\"discharge-medication-cs-anticoagulant\"> </a></td><td>Any Anticoagulant</td><td>Any anticoagulant (such as warfarin or a NOAC) was prescribed at discharge</td></tr><tr><td style=\"white-space:nowrap\">antiplatelet<a name=\"discharge-medication-cs-antiplatelet\"> </a></td><td>Any Antiplatelet</td><td>Any antiplatelet medication (e.g., aspirin, clopidogrel) was prescribed at discharge</td></tr><tr><td style=\"white-space:nowrap\">asa<a name=\"discharge-medication-cs-asa\"> </a></td><td>Aspirin</td><td>Aspirin (acetylsalicylic acid) was prescribed at discharge</td></tr><tr><td style=\"white-space:nowrap\">clopidogrel<a name=\"discharge-medication-cs-clopidogrel\"> </a></td><td>Clopidogrel</td><td>Clopidogrel was prescribed at discharge</td></tr><tr><td style=\"white-space:nowrap\">heparin<a name=\"discharge-medication-cs-heparin\"> </a></td><td>Heparin</td><td>Heparin (either unfractionated or low-molecular-weight) was prescribed at discharge</td></tr><tr><td style=\"white-space:nowrap\">warfarin<a name=\"discharge-medication-cs-warfarin\"> </a></td><td>Warfarin</td><td>Warfarin, a vitamin K antagonist—was prescribed at discharge</td></tr><tr><td style=\"white-space:nowrap\">other<a name=\"discharge-medication-cs-other\"> </a></td><td>Other Medication</td><td>A medication other than those specifically listed was prescribed at discharge</td></tr></table></div>"},"url":"http://testSK.org/ValueSet/medication-vs","version":"0.1.0","name":"DischargeMedicationCS","title":"Medications CodeSystem","status":"draft","date":"2025-10-07T12:40:55+00:00","publisher":"UMU","contact":[{"name":"UMU","telecom":[{"system":"url","value":"http://testSK.org/umu"}]}],"description":"Codes for drug products or substances representing the Medications on the patient discharge.","content":"complete","count":7,"concept":[{"code":"anticoagulant","display":"Any Anticoagulant","definition":"Any anticoagulant (such as warfarin or a NOAC) was prescribed at discharge"},{"code":"antiplatelet","display":"Any Antiplatelet","definition":"Any antiplatelet medication (e.g., aspirin, clopidogrel) was prescribed at discharge"},{"code":"asa","display":"Aspirin","definition":"Aspirin (acetylsalicylic acid) was prescribed at discharge"},{"code":"clopidogrel","display":"Clopidogrel","definition":"Clopidogrel was prescribed at discharge"},{"code":"heparin","display":"Heparin","definition":"Heparin (either unfractionated or low-molecular-weight) was prescribed at discharge"},{"code":"warfarin","display":"Warfarin","definition":"Warfarin, a vitamin K antagonist—was prescribed at discharge"},{"code":"other","display":"Other Medication","definition":"A medication other than those specifically listed was prescribed at discharge"}]}