{"resourceType":"CodeSystem","id":"stroke-discharge-destination-cs","text":{"status":"generated","div":"<div xmlns=\"http://www.w3.org/1999/xhtml\"><p class=\"res-header-id\"><b>Generated Narrative: CodeSystem stroke-discharge-destination-cs</b></p><a name=\"stroke-discharge-destination-cs\"> </a><a name=\"hcstroke-discharge-destination-cs\"> </a><p>This  code system <code>http://testSK.org/CodeSystem/stroke-discharge-destination-cs</code> defines the following code:</p><table class=\"codes\"><tr><td style=\"white-space:nowrap\"><b>Code</b></td><td><b>Display</b></td><td><b>Definition</b></td></tr><tr><td style=\"white-space:nowrap\">dead<a name=\"stroke-discharge-destination-cs-dead\"> </a></td><td>Patient Deceased</td><td>The patient died during the hospital stay.</td></tr></table></div>"},"url":"http://testSK.org/CodeSystem/stroke-discharge-destination-cs","version":"0.1.0","name":"StrokeDischargeDestinationCS","title":"Stroke Discharge Destination Code System","status":"active","experimental":true,"date":"2025-10-20T13:57:50+00:00","publisher":"UMU","contact":[{"name":"UMU","telecom":[{"system":"url","value":"http://testSK.org/umu"}]}],"description":"Codes indicating the possible destinations of the patient upon discharge from the encounter.","content":"complete","count":1,"concept":[{"code":"dead","display":"Patient Deceased","definition":"The patient died during the hospital stay.","designation":[{"use":{"system":"http://terminology.hl7.org/CodeSystem/hl7TermMaintInfra","code":"preferredForLanguage"},"value":"Patient Deceased"}]}]}