{"resourceType":"CodeSystem","id":"medication-statement-cs","text":{"status":"generated","div":"<div xmlns=\"http://www.w3.org/1999/xhtml\"><p class=\"res-header-id\"><b>Generated Narrative: CodeSystem medication-statement-cs</b></p><a name=\"medication-statement-cs\"> </a><a name=\"hcmedication-statement-cs\"> </a><p>This  code system <code>http://testSK.org/CodeSystem/medication-statement-cs</code> defines the following codes:</p><table class=\"codes\"><tr><td style=\"white-space:nowrap\"><b>Code</b></td><td><b>Display</b></td><td><b>Definition</b></td></tr><tr><td style=\"white-space:nowrap\">antidiabetic<a name=\"medication-statement-cs-antidiabetic\"> </a></td><td>Any Antidiabetic</td><td>The patient was taking antidiabetic medication prior to hospital admission or before the stroke event</td></tr><tr><td style=\"white-space:nowrap\">antiplatelet<a name=\"medication-statement-cs-antiplatelet\"> </a></td><td>Any Antiplatelet</td><td>The patient was taking antiplatelet medication prior to hospital admission or before the stroke event</td></tr><tr><td style=\"white-space:nowrap\">aspirin<a name=\"medication-statement-cs-aspirin\"> </a></td><td>Aspirin</td><td>The patient was taking aspirin (acetylsalicylic acid) prior to hospital admission or before the stroke event</td></tr><tr><td style=\"white-space:nowrap\">clopidogrel<a name=\"medication-statement-cs-clopidogrel\"> </a></td><td>Clopidogrel</td><td>The patient was taking clopidogrel prior to hospital admission or before the stroke event</td></tr></table></div>"},"url":"http://testSK.org/CodeSystem/medication-statement-cs","version":"0.1.0","name":"MedicationStatementCS","title":"MedicationStatement CodeSystem","status":"draft","date":"2025-09-22T15:14:25+00:00","publisher":"UMU","contact":[{"name":"UMU","telecom":[{"system":"url","value":"http://testSK.org/umu"}]}],"description":"Codes representing various medication-related procedures and findings (e.g., therapies, administration procedures, findings about use).","content":"complete","count":4,"concept":[{"code":"antidiabetic","display":"Any Antidiabetic","definition":"The patient was taking antidiabetic medication prior to hospital admission or before the stroke event"},{"code":"antiplatelet","display":"Any Antiplatelet","definition":"The patient was taking antiplatelet medication prior to hospital admission or before the stroke event"},{"code":"aspirin","display":"Aspirin","definition":"The patient was taking aspirin (acetylsalicylic acid) prior to hospital admission or before the stroke event"},{"code":"clopidogrel","display":"Clopidogrel","definition":"The patient was taking clopidogrel prior to hospital admission or before the stroke event"}]}