{"resourceType":"CodeSystem","id":"swallow-procedures-cs","text":{"status":"generated","div":"<div xmlns=\"http://www.w3.org/1999/xhtml\"><p class=\"res-header-id\"><b>Generated Narrative: CodeSystem swallow-procedures-cs</b></p><a name=\"swallow-procedures-cs\"> </a><a name=\"hcswallow-procedures-cs\"> </a><p>This  code system <code>http://testSK.org/CodeSystem/swallow-procedures-cs</code> defines the following codes:</p><table class=\"codes\"><tr><td style=\"white-space:nowrap\"><b>Code</b></td><td><b>Display</b></td><td><b>Definition</b></td></tr><tr><td style=\"white-space:nowrap\">assist<a name=\"swallow-procedures-cs-assist\"> </a></td><td>ASSIST</td><td>Assisted Swallowing Test (ASSIST)</td></tr><tr><td style=\"white-space:nowrap\">other<a name=\"swallow-procedures-cs-other\"> </a></td><td>Other Swallow Procedure</td><td>Other specified swallowing assessment procedure</td></tr><tr><td style=\"white-space:nowrap\">v-vst<a name=\"swallow-procedures-cs-v-vst\"> </a></td><td>V-VST</td><td>Volume-Viscosity Swallow Test (V-VST)</td></tr></table></div>"},"url":"http://testSK.org/CodeSystem/swallow-procedures-cs","version":"0.1.0","name":"SwallowProceduresCS","title":"Swallow Procedures Code System","status":"active","date":"2025-09-22T13:11:45+00:00","publisher":"UMU","contact":[{"name":"UMU","telecom":[{"system":"url","value":"http://testSK.org/umu"}]}],"description":"Codes representing various swallowing assessment procedures.","content":"complete","count":3,"concept":[{"code":"assist","display":"ASSIST","definition":"Assisted Swallowing Test (ASSIST)"},{"code":"other","display":"Other Swallow Procedure","definition":"Other specified swallowing assessment procedure"},{"code":"v-vst","display":"V-VST","definition":"Volume-Viscosity Swallow Test (V-VST)"}]}