{"resourceType":"CodeSystem","id":"assessment-context-cs","text":{"status":"generated","div":"<div xmlns=\"http://www.w3.org/1999/xhtml\"><p class=\"res-header-id\"><b>Generated Narrative: CodeSystem assessment-context-cs</b></p><a name=\"assessment-context-cs\"> </a><a name=\"hcassessment-context-cs\"> </a><p>This case-insensitive code system <code>http://testSK.org/CodeSystem/assessment-context-cs</code> defines the following codes:</p><table class=\"codes\"><tr><td style=\"white-space:nowrap\"><b>Code</b></td><td><b>Display</b></td><td><b>Definition</b></td></tr><tr><td style=\"white-space:nowrap\">pre-stroke<a name=\"assessment-context-cs-pre-stroke\"> </a></td><td>Pre-stroke</td><td>Assessment reflects patient state before the current stroke event.</td></tr><tr><td style=\"white-space:nowrap\">admission<a name=\"assessment-context-cs-admission\"> </a></td><td>Admission</td><td>Assessment performed upon or shortly after hospital admission for the stroke event.</td></tr><tr><td style=\"white-space:nowrap\">discharge<a name=\"assessment-context-cs-discharge\"> </a></td><td>Discharge</td><td>Assessment performed at the time of hospital discharge.</td></tr><tr><td style=\"white-space:nowrap\">3-month<a name=\"assessment-context-cs-3-month\"> </a></td><td>3-Month Follow-up</td><td>Assessment performed approximately 3 months post-discharge.</td></tr></table></div>"},"url":"http://testSK.org/CodeSystem/assessment-context-cs","version":"0.1.0","name":"AssessmentContextCS","title":"Assessment Context Code System","status":"active","experimental":true,"date":"2025-09-23T10:43:17+00:00","publisher":"UMU","contact":[{"name":"UMU","telecom":[{"system":"url","value":"http://testSK.org/umu"}]}],"description":"Codes defining the context or timing of a clinical assessment, particularly functional scores.","caseSensitive":false,"content":"complete","count":4,"concept":[{"code":"pre-stroke","display":"Pre-stroke","definition":"Assessment reflects patient state before the current stroke event."},{"code":"admission","display":"Admission","definition":"Assessment performed upon or shortly after hospital admission for the stroke event."},{"code":"discharge","display":"Discharge","definition":"Assessment performed at the time of hospital discharge."},{"code":"3-month","display":"3-Month Follow-up","definition":"Assessment performed approximately 3 months post-discharge."}]}