{"resourceType":"ValueSet","id":"procedure-timing-context-vs","text":{"status":"generated","div":"<div xmlns=\"http://www.w3.org/1999/xhtml\"><p class=\"res-header-id\"><b>Generated Narrative: ValueSet procedure-timing-context-vs</b></p><a name=\"procedure-timing-context-vs\"> </a><a name=\"hcprocedure-timing-context-vs\"> </a><ul><li>Include all codes defined in <a href=\"CodeSystem-procedure-timing-context-cs.html\"><code>http://testSK.org/CodeSystem/procedure-timing-context-cs</code></a></li></ul></div>"},"url":"http://testSK.org/ValueSet/procedure-timing-context-vs","version":"0.1.0","name":"ProcedureTimingContextVS","title":"Procedure Timing Context ValueSet","status":"active","date":"2025-09-23T10:19:12+00:00","publisher":"UMU","contact":[{"name":"UMU","telecom":[{"system":"url","value":"http://testSK.org/umu"}]}],"description":"ValueSet for codes defining the timing phase of a procedure relative to the encounter start.","compose":{"include":[{"system":"http://testSK.org/CodeSystem/procedure-timing-context-cs"}]}}