{"resourceType":"ValueSet","id":"discharge-medication-vs","text":{"status":"generated","div":"<div xmlns=\"http://www.w3.org/1999/xhtml\"><p class=\"res-header-id\"><b>Generated Narrative: ValueSet discharge-medication-vs</b></p><a name=\"discharge-medication-vs\"> </a><a name=\"hcdischarge-medication-vs\"> </a><p>This value set includes codes based on the following rules:</p><ul><li>Include all codes defined in <a href=\"CodeSystem-discharge-medication-cs.html\"><code>http://testSK.org/ValueSet/medication-vs</code></a></li><li>Import all the codes that are contained in https://hl7.org/fhir/uv/ips/ValueSet-absent-or-unknown-medications-uv-ips.html</li></ul></div>"},"url":"http://testSK.org/ValueSet/discharge-medication-vs","version":"0.1.0","name":"DischargeMedicationVS","title":"Medications ValueSet","status":"draft","date":"2025-09-24T16:38:52+00:00","publisher":"UMU","contact":[{"name":"UMU","telecom":[{"system":"url","value":"http://testSK.org/umu"}]}],"description":"Codes for drug products or substances representing the Medications on the patient discharge.","compose":{"include":[{"system":"http://testSK.org/ValueSet/medication-vs"},{"valueSet":["https://hl7.org/fhir/uv/ips/ValueSet-absent-or-unknown-medications-uv-ips.html"]}]}}