{"resourceType":"ValueSet","id":"stroke-arrival-mode-vs","text":{"status":"generated","div":"<div xmlns=\"http://www.w3.org/1999/xhtml\"><p class=\"res-header-id\"><b>Generated Narrative: ValueSet stroke-arrival-mode-vs</b></p><a name=\"stroke-arrival-mode-vs\"> </a><a name=\"hcstroke-arrival-mode-vs\"> </a><ul><li>Include these codes as defined in <a href=\"http://www.snomed.org/\"><code>http://snomed.info/sct</code></a><table class=\"none\"><tr><td style=\"white-space:nowrap\"><b>Code</b></td><td><b>Display</b></td></tr><tr><td><a href=\"http://snomed.info/id/715537001\">715537001</a></td><td>Transportation by ambulance (procedure)</td></tr><tr><td><a href=\"http://snomed.info/id/715957006\">715957006</a></td><td>Transportation by own transport (procedure)</td></tr><tr><td><a href=\"http://snomed.info/id/384762007\">384762007</a></td><td>Transportation procedure (procedure)</td></tr></table></li></ul></div>"},"url":"http://testSK.org/ValueSet/stroke-arrival-mode-vs","version":"0.1.0","name":"StrokeArrivalModeVS","title":"Stroke Arrival Mode ValueSet","status":"active","date":"2025-09-05T10:27:45+00:00","publisher":"UMU","contact":[{"name":"UMU","telecom":[{"system":"url","value":"http://testSK.org/umu"}]}],"description":"ValueSet specifying the mode and origin of the patient's arrival.","compose":{"include":[{"system":"http://snomed.info/sct","concept":[{"code":"715537001","display":"Transportation by ambulance (procedure)"},{"code":"715957006","display":"Transportation by own transport (procedure)"},{"code":"384762007","display":"Transportation procedure (procedure)"}]}]}}