{"resourceType":"ValueSet","id":"medicationStatement-meds-codes-vs","text":{"status":"generated","div":"<div xmlns=\"http://www.w3.org/1999/xhtml\"><p class=\"res-header-id\"><b>Generated Narrative: ValueSet medicationStatement-meds-codes-vs</b></p><a name=\"medicationStatement-meds-codes-vs\"> </a><a name=\"hcmedicationStatement-meds-codes-vs\"> </a><p>This value set includes codes based on the following rules:</p><ul><li>Include these codes as defined in <a href=\"http://www.snomed.org/\"><code>http://snomed.info/sct</code></a><table class=\"none\"><tr><td style=\"white-space:nowrap\"><b>Code</b></td><td><b>Display</b></td></tr><tr><td><a href=\"http://snomed.info/id/308116003\">308116003</a></td><td>Antihypertensive therapy (procedure)</td></tr><tr><td><a href=\"http://snomed.info/id/182764009\">182764009</a></td><td>Anticoagulant therapy (procedure)</td></tr><tr><td><a href=\"http://snomed.info/id/1237404009\">1237404009</a></td><td>Uses hormone method of contraception (finding)</td></tr><tr><td><a href=\"http://snomed.info/id/315053001\">315053001</a></td><td>Administration of prophylactic statin (procedure)</td></tr><tr><td><a href=\"http://snomed.info/id/722045009\">722045009</a></td><td>Warfarin therapy (procedure)</td></tr></table></li><li>Include all codes defined in <a href=\"CodeSystem-medication-statement-cs.html\"><code>http://testSK.org/CodeSystem/medication-statement-cs</code></a></li></ul></div>"},"url":"http://testSK.org/ValueSet/medicationStatement-meds-codes-vs","version":"0.1.0","name":"MedicationStatementMedsCodes","title":"MedicationStatement Therapy/Finding Codes","status":"draft","experimental":true,"date":"2025-03-31","publisher":"UMU","contact":[{"name":"UMU","telecom":[{"system":"url","value":"http://testSK.org/umu"}]}],"description":"ValueSet containing SNOMED CT codes representing various medication-related procedures and findings (e.g., therapies, administration procedures, findings about use). ","compose":{"include":[{"system":"http://snomed.info/sct","concept":[{"code":"308116003","display":"Antihypertensive therapy (procedure)"},{"code":"182764009","display":"Anticoagulant therapy (procedure)"},{"code":"1237404009","display":"Uses hormone method of contraception (finding)"},{"code":"315053001","display":"Administration of prophylactic statin (procedure)"},{"code":"722045009","display":"Warfarin therapy (procedure)"}]},{"system":"http://testSK.org/CodeSystem/medication-statement-cs"}]}}