{"resourceType":"ValueSet","id":"perforation-procedures-vs","text":{"status":"generated","div":"<div xmlns=\"http://www.w3.org/1999/xhtml\"><p class=\"res-header-id\"><b>Generated Narrative: ValueSet perforation-procedures-vs</b></p><a name=\"perforation-procedures-vs\"> </a><a name=\"hcperforation-procedures-vs\"> </a><ul><li>Include these codes as defined in <a href=\"http://www.snomed.org/\"><code>http://snomed.info/sct</code></a><span title=\"Version is not explicity stated. No matching Code System found\"> version Not Stated (use latest from terminology server)</span><table class=\"none\"><tr><td style=\"white-space:nowrap\"><b>Code</b></td><td><b>Display</b></td></tr><tr><td><a href=\"http://snomed.info/id/472191000119101\">472191000119101</a></td><td>Thrombolysis of cerebral artery by intravenous infusion (procedure)</td></tr><tr><td><a href=\"http://snomed.info/id/397046001\">397046001</a></td><td>Thrombectomy of artery (procedure)</td></tr></table></li></ul></div>"},"url":"http://testSK.org/ValueSet/perforation-procedures-vs","version":"0.1.0","name":"PerforationProceduresValueset","title":"Perforation Procedures ValueSet","status":"draft","experimental":true,"date":"2025-03-31","publisher":"UMU","contact":[{"name":"UMU","telecom":[{"system":"url","value":"http://testSK.org/umu"}]}],"description":"ValueSet containing SNOMED CT codes representing a range of perforation procedures.","compose":{"include":[{"system":"http://snomed.info/sct","concept":[{"code":"472191000119101","display":"Thrombolysis of cerebral artery by intravenous infusion (procedure)"},{"code":"397046001","display":"Thrombectomy of artery (procedure)"}]}]}}