{"resourceType":"ValueSet","id":"brain-imaging-modality-vs","text":{"status":"generated","div":"<div xmlns=\"http://www.w3.org/1999/xhtml\"><p class=\"res-header-id\"><b>Generated Narrative: ValueSet brain-imaging-modality-vs</b></p><a name=\"brain-imaging-modality-vs\"> </a><a name=\"hcbrain-imaging-modality-vs\"> </a><p>This value set includes codes based on the following rules:</p><ul><li>Include these codes as defined in <a href=\"http://www.snomed.org/\"><code>http://snomed.info/sct</code></a><table class=\"none\"><tr><td style=\"white-space:nowrap\"><b>Code</b></td><td><b>Display</b></td></tr><tr><td><a href=\"http://snomed.info/id/419949007\">419949007</a></td><td>Computed tomography angiography of intracranial artery with contrast (procedure)</td></tr></table></li><li>Include all codes defined in <a href=\"CodeSystem-brain-imaging-type-cs.html\"><code>http://testSK.org/CodeSystem/brain-imaging-type-cs</code></a></li></ul></div>"},"url":"http://testSK.org/ValueSet/brain-imaging-modality-vs","version":"0.1.0","name":"BrainImagingModalityVS","title":"Brain Imaging Modality ValueSet","status":"active","date":"2025-10-02T12:55:14+00:00","publisher":"UMU","contact":[{"name":"UMU","telecom":[{"system":"url","value":"http://testSK.org/umu"}]}],"description":"Defines the SNOMED CT codes for individual brain imaging modalities performed as procedures.","compose":{"include":[{"system":"http://snomed.info/sct","concept":[{"code":"419949007","display":"Computed tomography angiography of intracranial artery with contrast (procedure)"}]},{"system":"http://testSK.org/CodeSystem/brain-imaging-type-cs"}]}}