{"resourceType":"ValueSet","id":"stroke-risk-factor-snomed-vs","text":{"status":"generated","div":"<div xmlns=\"http://www.w3.org/1999/xhtml\"><p class=\"res-header-id\"><b>Generated Narrative: ValueSet stroke-risk-factor-snomed-vs</b></p><a name=\"stroke-risk-factor-snomed-vs\"> </a><a name=\"hcstroke-risk-factor-snomed-vs\"> </a><ul><li>Include these codes as defined in <a href=\"http://www.snomed.org/\"><code>http://snomed.info/sct</code></a><table class=\"none\"><tr><td style=\"white-space:nowrap\"><b>Code</b></td><td><b>Display</b></td></tr><tr><td><a href=\"http://snomed.info/id/5370000\">5370000</a></td><td>Atrial flutter (disorder)</td></tr><tr><td><a href=\"http://snomed.info/id/49436004\">49436004</a></td><td>Atrial fibrillation (disorder)</td></tr><tr><td><a href=\"http://snomed.info/id/22298006\">22298006</a></td><td>Myocardial infarction (disorder)</td></tr><tr><td><a href=\"http://snomed.info/id/53741008\">53741008</a></td><td>Coronary arteriosclerosis (disorder)</td></tr><tr><td><a href=\"http://snomed.info/id/73211009\">73211009</a></td><td>Diabetes mellitus (disorder)</td></tr><tr><td><a href=\"http://snomed.info/id/55822004\">55822004</a></td><td>Hyperlipidemia (disorder)</td></tr><tr><td><a href=\"http://snomed.info/id/38341003\">38341003</a></td><td>Hypertensive disorder, systemic arterial (disorder)</td></tr><tr><td><a href=\"http://snomed.info/id/230706003\">230706003</a></td><td>Hemorrhagic cerebral infarction (disorder)</td></tr><tr><td><a href=\"http://snomed.info/id/266257000\">266257000</a></td><td>Transient ischemic attack (disorder)</td></tr><tr><td><a href=\"http://snomed.info/id/422504002\">422504002</a></td><td>Ischemic stroke (disorder)</td></tr><tr><td><a href=\"http://snomed.info/id/230690007\">230690007</a></td><td>Cerebrovascular accident (disorder)</td></tr></table></li></ul></div>"},"url":"http://testSK.org/ValueSet/stroke-risk-factor-snomed-vs","version":"0.1.0","name":"StrokeRiskFactorSNOMEDVS","title":"Stroke Risk Factor ValueSet","status":"active","date":"2025-09-23T10:43:17+00:00","publisher":"UMU","contact":[{"name":"UMU","telecom":[{"system":"url","value":"http://testSK.org/umu"}]}],"description":"Defines the SNOMED CT codes for conditions or risk factors relevant to stroke.","compose":{"include":[{"system":"http://snomed.info/sct","concept":[{"code":"5370000","display":"Atrial flutter (disorder)"},{"code":"49436004","display":"Atrial fibrillation (disorder)"},{"code":"22298006","display":"Myocardial infarction (disorder)"},{"code":"53741008","display":"Coronary arteriosclerosis (disorder)"},{"code":"73211009","display":"Diabetes mellitus (disorder)"},{"code":"55822004","display":"Hyperlipidemia (disorder)"},{"code":"38341003","display":"Hypertensive disorder, systemic arterial (disorder)"},{"code":"230706003","display":"Hemorrhagic cerebral infarction (disorder)"},{"code":"266257000","display":"Transient ischemic attack (disorder)"},{"code":"422504002","display":"Ischemic stroke (disorder)"},{"code":"230690007","display":"Cerebrovascular accident (disorder)"}]}]}}