{"resourceType":"ValueSet","id":"thrombectomy-complication-vs","text":{"status":"generated","div":"<div xmlns=\"http://www.w3.org/1999/xhtml\"><p class=\"res-header-id\"><b>Generated Narrative: ValueSet thrombectomy-complication-vs</b></p><a name=\"thrombectomy-complication-vs\"> </a><a name=\"hcthrombectomy-complication-vs\"> </a><ul><li>Include these codes as defined in <a href=\"http://www.snomed.org/\"><code>http://snomed.info/sct</code></a><table class=\"none\"><tr><td style=\"white-space:nowrap\"><b>Code</b></td><td><b>Display</b></td></tr><tr><td><a href=\"http://snomed.info/id/307312008\">307312008</a></td><td>Perforation of artery (disorder)</td></tr></table></li></ul></div>"},"url":"http://testSK.org/ValueSet/thrombectomy-complication-vs","version":"0.1.0","name":"ThrombectomyComplicationVS","title":"Thrombectomy Complication ValueSet","status":"active","date":"2025-09-23T10:20:32+00:00","publisher":"UMU","contact":[{"name":"UMU","telecom":[{"system":"url","value":"http://testSK.org/umu"}]}],"description":"Defines the specific complications of thrombectomy to record.","compose":{"include":[{"system":"http://snomed.info/sct","concept":[{"code":"307312008","display":"Perforation of artery (disorder)"}]}]}}