{"resourceType":"ValueSet","id":"discharge-dept-vs","text":{"status":"generated","div":"<div xmlns=\"http://www.w3.org/1999/xhtml\"><p class=\"res-header-id\"><b>Generated Narrative: ValueSet discharge-dept-vs</b></p><a name=\"discharge-dept-vs\"> </a><a name=\"hcdischarge-dept-vs\"> </a><ul><li>Include all codes defined in <a href=\"CodeSystem-discharge-dept-cs.html\"><code>http://testSK.org/CodeSystem/CodeSystem/discharge-dept-cs</code></a></li></ul></div>"},"url":"http://testSK.org/ValueSet/discharge-dept-vs","version":"0.1.0","name":"DischargeDeptVS","title":"Discharge Department/Service ValueSet","status":"active","date":"2025-10-02T08:31:49+00:00","publisher":"UMU","contact":[{"name":"UMU","telecom":[{"system":"url","value":"http://testSK.org/umu"}]}],"description":"ValueSet specifying the type of department or service the patient was discharged or transferred to.","compose":{"include":[{"system":"http://testSK.org/CodeSystem/CodeSystem/discharge-dept-cs"}]}}