{"resourceType":"ValueSet","id":"stroke-risk-factor-vs","text":{"status":"generated","div":"<div xmlns=\"http://www.w3.org/1999/xhtml\"><p class=\"res-header-id\"><b>Generated Narrative: ValueSet stroke-risk-factor-vs</b></p><a name=\"stroke-risk-factor-vs\"> </a><a name=\"hcstroke-risk-factor-vs\"> </a><p>This value set includes codes based on the following rules:</p><ul><li>Import all the codes that are contained in <a href=\"ValueSet-stroke-risk-factor-snomed-vs.html\">Stroke Risk Factor ValueSet</a></li><li>Import all the codes that are contained in http://hl7.org/fhir/uv/ips/ValueSet/absent-or-unknown-problems-uv-ips</li></ul></div>"},"url":"http://testSK.org/ValueSet/stroke-risk-factor-vs","version":"0.1.0","name":"StrokeRiskFactorValueset","title":"Stroke Risk Factor ValueSet","status":"draft","date":"2025-09-23T16:14:11+00:00","publisher":"UMU","contact":[{"name":"UMU","telecom":[{"system":"url","value":"http://testSK.org/umu"}]}],"description":"Defines the SNOMED CT codes for conditions or risk factors relevant to stroke, including an option for unknown status.","compose":{"include":[{"valueSet":["http://testSK.org/ValueSet/stroke-risk-factor-snomed-vs"]},{"valueSet":["http://hl7.org/fhir/uv/ips/ValueSet/absent-or-unknown-problems-uv-ips"]}]}}