{"resourceType":"ValueSet","id":"mrs-score-vs","text":{"status":"generated","div":"<div xmlns=\"http://www.w3.org/1999/xhtml\"><p class=\"res-header-id\"><b>Generated Narrative: ValueSet mrs-score-vs</b></p><a name=\"mrs-score-vs\"> </a><a name=\"hcmrs-score-vs\"> </a><ul><li>Include all codes defined in <a href=\"CodeSystem-mrs-score-cs.html\"><code>http://testSK.org/CodeSystem/mrs-score-cs</code></a></li></ul></div>"},"url":"http://testSK.org/ValueSet/mrs-score-vs","version":"0.1.0","name":"MRsScoreVS","title":"modified Rankin Scale (mRS) Score ValueSet","status":"active","date":"2025-10-02T08:40:06+00:00","publisher":"UMU","contact":[{"name":"UMU","telecom":[{"system":"url","value":"http://testSK.org/umu"}]}],"description":"ValueSet containing the codes for the modified Rankin Scale (mRS) score.","compose":{"include":[{"system":"http://testSK.org/CodeSystem/mrs-score-cs"}]}}