{
  "resourceType" : "Encounter",
  "id" : "StrokeEncounterExample",
  "meta" : {
    "profile" : ["http://testSK.org/StructureDefinition/stroke-encounter-profile"]
  },
  "text" : {
    "status" : "extensions",
    "div" : "<div xmlns=\"http://www.w3.org/1999/xhtml\"><p class=\"res-header-id\"><b>Generated Narrative: Encounter StrokeEncounterExample</b></p><a name=\"StrokeEncounterExample\"> </a><a name=\"hcStrokeEncounterExample\"> </a><a name=\"StrokeEncounterExample-en-US\"> </a><div style=\"display: inline-block; background-color: #d9e0e7; padding: 6px; margin: 4px; border: 1px solid #8da1b4; border-radius: 5px; line-height: 60%\"><p style=\"margin-bottom: 0px\"/><p style=\"margin-bottom: 0px\">Profile: <a href=\"StructureDefinition-stroke-encounter-profile.html\">Stroke Encounter Profile</a></p></div><p><b>First Hospital Extension</b>: true</p><p><b>Initial Care Intensity Extension</b>: <span title=\"Codes:\">ICU / Stroke Unit</span></p><p><b>Required Post-Acute Care Extension</b>: false</p><p><b>Discharge Department/Service Extension</b>: <span title=\"Codes:{http://snomed.info/sct 309937004}\">Neurology department (environment)</span></p><p><b>status</b>: Completed</p><p><b>type</b>: <span title=\"Codes:\">Inpatient Encounter</span></p><p><b>subject</b>: <a href=\"Patient-example-patient.html\">Anonymous Patient (no stated gender), DoB Unknown</a></p><p><b>actualPeriod</b>: 2025-03-01 08:00:00+0000 --&gt; 2025-03-10 12:00:00+0000</p><h3>Lengths</h3><table class=\"grid\"><tr><td style=\"display: none\">-</td><td><b>Value</b></td><td><b>Unit</b></td><td><b>System</b></td></tr><tr><td style=\"display: none\">*</td><td>9</td><td>days</td><td><a href=\"http://terminology.hl7.org/6.4.0/CodeSystem-v3-ucum.html\">http://unitsofmeasure.org</a></td></tr></table><h3>Admissions</h3><table class=\"grid\"><tr><td style=\"display: none\">-</td><td><b>AdmitSource</b></td><td><b>DischargeDisposition</b></td></tr><tr><td style=\"display: none\">*</td><td><span title=\"Codes:{http://snomed.info/sct 715537001}\">Transportation by ambulance (procedure)</span></td><td><span title=\"Codes:{http://snomed.info/sct 306689006}\">Discharge to home (procedure)</span></td></tr></table></div>"
  },
  "extension" : [{
    "url" : "http://testSK.org/StructureDefinition/first-hospital-ext",
    "valueBoolean" : true
  },
  {
    "url" : "http://testSK.org/StructureDefinition/initial-care-intensity-ext",
    "valueCodeableConcept" : {
      "coding" : [{
        "code" : "icu-stroke",
        "display" : "ICU / Stroke Unit"
      }]
    }
  },
  {
    "url" : "http://testSK.org/StructureDefinition/required-post-acute-care-ext",
    "valueBoolean" : false
  },
  {
    "url" : "http://testSK.org/StructureDefinition/discharge-department-service-ext",
    "valueCodeableConcept" : {
      "coding" : [{
        "system" : "http://snomed.info/sct",
        "code" : "309937004",
        "display" : "Neurology department (environment)"
      }]
    }
  }],
  "status" : "completed",
  "type" : [{
    "coding" : [{
      "code" : "inpatient",
      "display" : "Inpatient Encounter"
    }]
  }],
  "subject" : {
    "reference" : "Patient/example-patient"
  },
  "actualPeriod" : {
    "start" : "2025-03-01T08:00:00Z",
    "end" : "2025-03-10T12:00:00Z"
  },
  "length" : {
    "value" : 9,
    "unit" : "days",
    "system" : "http://unitsofmeasure.org"
  },
  "admission" : {
    "admitSource" : {
      "coding" : [{
        "system" : "http://snomed.info/sct",
        "code" : "715537001",
        "display" : "Transportation by ambulance (procedure)"
      }]
    },
    "dischargeDisposition" : {
      "coding" : [{
        "system" : "http://snomed.info/sct",
        "code" : "306689006",
        "display" : "Discharge to home (procedure)"
      }]
    }
  }
}