{
  "resourceType" : "Patient",
  "id" : "example-patient",
  "text" : {
    "status" : "generated",
    "div" : "<div xmlns=\"http://www.w3.org/1999/xhtml\"><p class=\"res-header-id\"><b>Generated Narrative: Patient example-patient</b></p><a name=\"example-patient\"> </a><a name=\"hcexample-patient\"> </a><a name=\"example-patient-en-US\"> </a><p style=\"border: 1px #661aff solid; background-color: #e6e6ff; padding: 10px;\">Anonymous Patient (no stated gender), DoB Unknown</p><hr/></div>"
  }
}