{
  "resourceType" : "Procedure",
  "id" : "StrokeThrombolysisExample",
  "meta" : {
    "profile" : ["http://testSK.org/StructureDefinition/stroke-thrombolysis-procedure-profile"]
  },
  "text" : {
    "status" : "extensions",
    "div" : "<div xmlns=\"http://www.w3.org/1999/xhtml\"><p class=\"res-header-id\"><b>Generated Narrative: Procedure StrokeThrombolysisExample</b></p><a name=\"StrokeThrombolysisExample\"> </a><a name=\"hcStrokeThrombolysisExample\"> </a><a name=\"StrokeThrombolysisExample-en-US\"> </a><div style=\"display: inline-block; background-color: #d9e0e7; padding: 6px; margin: 4px; border: 1px solid #8da1b4; border-radius: 5px; line-height: 60%\"><p style=\"margin-bottom: 0px\"/><p style=\"margin-bottom: 0px\">Profile: <a href=\"StructureDefinition-stroke-thrombolysis-procedure-profile.html\">Stroke Thrombolysis Procedure Profile (R5)</a></p></div><p><b>Procedure Timing Context Extension</b>: <span title=\"Codes:{http://testSK.org/CodeSystem/procedure-timing-context-cs unknown}\">Unknown/Not Applicable</span></p><p><b>status</b>: Completed</p><p><b>code</b>: <span title=\"Codes:{http://snomed.info/sct 472191000119101}\">Thrombolysis of cerebral artery by intravenous infusion (procedure)</span></p><p><b>subject</b>: <a href=\"Patient-example-patient.html\">Anonymous Patient (no stated gender), DoB Unknown</a></p><p><b>occurrence</b>: 2025-03-01 10:00:00+0000 --&gt; 2025-03-01 10:30:00+0000</p></div>"
  },
  "extension" : [{
    "url" : "http://testSK.org/StructureDefinition/procedure-timing-context-ext",
    "valueCodeableConcept" : {
      "coding" : [{
        "system" : "http://testSK.org/CodeSystem/procedure-timing-context-cs",
        "code" : "unknown",
        "display" : "Unknown/Not Applicable"
      }]
    }
  }],
  "status" : "completed",
  "code" : {
    "coding" : [{
      "system" : "http://snomed.info/sct",
      "code" : "472191000119101",
      "display" : "Thrombolysis of cerebral artery by intravenous infusion (procedure)"
    }]
  },
  "subject" : {
    "reference" : "Patient/example-patient"
  },
  "occurrencePeriod" : {
    "start" : "2025-03-01T10:00:00Z",
    "end" : "2025-03-01T10:30:00Z"
  }
}